Page,product,experimental,unreleased,alternateRecipe,mainRecipe,recipeName,craftedIn,inCraftBench,inWorkShop,researchTier,producedIn,craftingTime,craftingClicks,productCount,productsPerMinute,product2,productCount2,productsPerMinute2,product3,productCount3,productsPerMinute3,product4,productCount4,productsPerMinute4,quantity1,ingredient1,quantity2,ingredient2,quantity3,ingredient3,quantity4,ingredient4,quantity5,ingredient5,quantity6,ingredient6,quantity7,ingredient7,quantity8,ingredient8,quantity9,ingredient9,quantity10,ingredient10
A.I. Limiter,A.I. Limiter,No,No,No,0,A.I. Limiter,Assembler,Yes,No,[[Caterium Research]] - AI Limiter,,12,6,1,5,,,0,,,0,,,0,5,Copper Sheet,20,Quickwire,,,,,,,,,,,,,,,,
Adaptive Control Unit,Adaptive Control Unit,No,No,No,0,Adaptive Control Unit,Manufacturer,No,No,[[Tier 5]] - Industrial Manufacturing,,120,,2,1,,,0,,,0,,,0,15,Automated Wiring,10,Circuit Board,2,Heavy Modular Frame,2,Computer,,,,,,,,,,,,
Alclad Aluminum Sheet,Alclad Aluminum Sheet,No,No,No,0,Alclad Aluminum Sheet,Assembler,Yes,No,[[Tier 7]] - Bauxite Refinement,,8,8,4,30,,,0,,,0,,,0,8,Aluminum Ingot,3,Copper Ingot,,,,,,,,,,,,,,,,
Alumina Solution,Alumina Solution,No,No,No,0,Alumina Solution,Refinery,No,No,[[Tier 7]] - Bauxite Refinement,,6,,8,80,Silica,2,20,,,0,,,0,7,Bauxite,10,Water,,,,,,,,,,,,,,,,
Aluminum Ingot,Aluminum Ingot,No,No,No,0,Aluminum Ingot,Foundry,Yes,No,[[Tier 7]] - Bauxite Refinement,,3,5,4,80,,,0,,,0,,,0,12,Aluminum Scrap,7,Silica,,,,,,,,,,,,,,,,
Aluminum Ingot,Aluminum Ingot,No,No,Yes,0,Pure Aluminum Ingot,Smelter,Yes,No,[[Tier 7]] - Bauxite Refinement,,5,,3,36,,,0,,,0,,,0,12,Aluminum Scrap,,,,,,,,,,,,,,,,,,
Aluminum Scrap,Aluminum Scrap,No,No,No,0,Aluminum Scrap,Refinery,No,No,[[Tier 7]] - Bauxite Refinement,,1,,6,360,Water,1,60,,,0,,,0,4,Alumina Solution,1,Petroleum Coke,,,,,,,,,,,,,,,,
Aluminum Scrap,Aluminum Scrap,No,No,Yes,0,Electrode - Aluminum Scrap,Refinery,No,No,[[Tier 7]] - Bauxite Refinement,,2,,5,150,Water,1,30,,,0,,,0,3,Alumina Solution,1,Coal,,,,,,,,,,,,,,,,
Assembler,Assembler,,,No,1,Assembler,Build Gun,,,[[Tier 2]] - Part Assembly,,,,,0,,,60,,,60,,,60,8,Reinforced Iron Plate,4,Rotor,10,Cable,,,,,,,,,,,,,,
Assembler Mk.2,Assembler Mk.2,,Yes,No,1,,,,,,,,,,0,,,60,,,60,,,60,4,Heavy Modular Frame,4,Turbo Motor,3,Supercomputer,,,,,,,,,,,,,,
Automated Wiring,Automated Wiring,No,No,No,0,Automated Wiring,Assembler,No,No,[[Tier 4]] - Advanced Steel Production,,24,,1,2.5,,,0,,,0,,,0,1,Stator,20,Cable,,,,,,,,,,,,,,,,
Automated Wiring,Automated Wiring,No,No,Yes,0,High-Speed Wiring,Manufacturer,No,No,"[[Tier 4]] - Advanced Steel Production
[[Caterium Research]] - A.I. Limiter
''[[Tier 5]] - Industrial Manufacturing''",,32,,4,7.5,,,0,,,0,,,0,2,Stator,40,Wire,1,High-Speed Connector,,,,,,,,,,,,,,
AWESOME Shop,AWESOME Shop,,,No,1,AWESOME Shop,Build Gun,,,[[Tier 2]] - Resource Sink Bonus Program,,,,,0,,,60,,,60,,,60,200,Screw,10,Iron Plate,30,Cable,,,,,,,,,,,,,,
AWESOME Shop/zh,AWESOME Shop/zh,,,No,1,PAGENAME,,,,,,,,,0,,,60,,,60,,,60,200,Screws,10,Iron Plate,10,Cable,,,,,,,,,,,,,,
AWESOME Sink,AWESOME Sink,,,No,1,AWESOME Sink,Build Gun,,,[[Tier 2]] - Resource Sink Bonus Program,,,,,0,,,60,,,60,,,60,15,Reinforced Iron Plate,30,Cable,45,Concrete,,,,,,,,,,,,,,
Battery,Battery,No,No,No,0,Battery,Manufacturer,Yes,No,[[Tier 7]] - Advanced Aluminum Production,,32,16,3,5.6,,,0,,,0,,,0,8,Alclad Aluminum Sheet,16,Wire,20,Sulfur,8,Plastic,,,,,,,,,,,,
Bauxite,Bauxite,No,No,No,0,Bauxite,Miner,No,No,[[Tier 7]] - Bauxite Refinement,,1,,1,60,,,0,,,0,,,0,,,,,,,,,,,,,,,,,,,,
Beacon,Beacon,No,No,No,0,Beacon,Manufacturer,No,Yes,[[Tier 1]] - Field Research,,8,2,1,7.5,,,0,,,0,,,0,3,Iron Plate,1,Iron Rod,15,Wire,2,Cable,,,,,,,,,,,,
Beacon,Beacon,No,No,Yes,0,Signal Beacon,Manufacturer,No,No,"[[Tier 3]] - Basic Steel Production
[[Quartz Research]] - Quartz Crystals",,120,,20,10,,,0,,,0,,,0,4,Steel Beam,16,Steel Pipe,1,Crystal Oscillator,,,,,,,,,,,,,,
Biomass,Biomass,No,No,No,0,Biomass (Leaves),Constructor,Yes,No,[[Tier 0]] - HUB Upgrade 6,,5,1,5,60,,,0,,,0,,,0,10,Leaves,,,,,,,,,,,,,,,,,,
Biomass,Biomass,No,No,No,0,Biomass (Wood),Constructor,Yes,No,[[Tier 0]] - HUB Upgrade 6,,4,2,20,300,,,0,,,0,,,0,4,Wood,,,,,,,,,,,,,,,,,,
Biomass,Biomass,No,No,No,0,Biomass (Mycelia),Constructor,Yes,No,[[Mycelia Research]] - Mycelia,,4,1,10,150,,,0,,,0,,,0,10,Mycelia,,,,,,,,,,,,,,,,,,
Biomass,Biomass,No,No,No,0,Biomass (Alien Carapace),Constructor,Yes,No,[[Alien Organisms]] - Structural Analysis,,4,2,100,"1,500.00",,,0,,,0,,,0,1,Alien Carapace,,,,,,,,,,,,,,,,,,
Biomass,Biomass,No,No,No,0,Biomass (Alien Organs),Constructor,Yes,No,[[Alien Organisms]] - Organic Properties,,8,4,200,"1,500.00",,,0,,,0,,,0,1,Alien Organs,,,,,,,,,,,,,,,,,,
Biomass Burner,Biomass Burner,,,No,1,Biomass Burner,Build Gun,,,[[Tier 0]] - HUB Upgrade 6,,,,,0,,,60,,,60,,,60,15,Iron Plate,15,Iron Rod,25,Wire,,,,,,,,,,,,,,
Black Powder,Black Powder,No,No,No,0,Black Powder,Assembler,Yes,Yes,[[Sulfur Research]] - Black Powder,,8,2,1,7.5,,,0,,,0,,,0,1,Coal,2,Sulfur,,,,,,,,,,,,,,,,
Black Powder,Black Powder,No,No,Yes,0,Gun Powder,Assembler,No,No,[[Alternate Recipe]] - Compacted Coal,,16,,4,15,,,0,,,0,,,0,2,Sulfur,1,Compacted Coal,,,,,,,,,,,,,,,,
Blade Runners,Blade Runners,No,No,No,0,Blade Runners,,No,Yes,[[Caterium Research]] - Blade Runners,,,20,1,0,,,0,,,0,,,0,50,Quickwire,3,Modular Frame,3,Rotor,,,,,,,,,,,,,,
Cable,Cable,No,No,No,0,Cable,Constructor,Yes,No,[[Tier 0]] - HUB Upgrade 2,,2,1,1,30,,,0,,,0,,,0,2,Wire,,,,,,,,,,,,,,,,,,
Cable,Cable,No,No,Yes,0,Coated Cable,Refinery,No,No,[[Tier 5]] - Oil Processing,,8,,9,67.5,,,0,,,0,,,0,5,Wire,2,Heavy Oil Residue,,,,,,,,,,,,,,,,
Cable,Cable,No,No,Yes,0,Insulated Cable,Assembler,No,No,[[Tier 5]] - Oil Processing,,12,,20,100,,,0,,,0,,,0,9,Wire,6,Rubber,,,,,,,,,,,,,,,,
Cable,Cable,No,No,Yes,0,Quickwire Cable,Assembler,No,No,"[[Tier 5]] - Oil Processing
[[Caterium Research]] - Caterium Ingots",,24,,11,27.5,,,0,,,0,,,0,3,Quickwire,2,Rubber,,,,,,,,,,,,,,,,
Caterium Ingot,Caterium Ingot,No,No,No,0,Caterium Ingot,Smelter,Yes,No,[[Caterium Research]] - Caterium Ingots,,4,4,1,15,,,0,,,0,,,0,3,Caterium Ore,,,,,,,,,,,,,,,,,,
Caterium Ingot,Caterium Ingot,No,No,Yes,0,Pure Caterium Ingot,Refinery,No,No,"[[Tier 3]] - Coal Power
[[Caterium Research]] - Caterium
''[[Tier 5]] - Oil Processing''",,5,,1,12,,,0,,,0,,,0,2,Caterium Ore,2,Water,,,,,,,,,,,,,,,,
Caterium Ore,Caterium Ore,No,No,No,0,Caterium Ore,Miner,No,No,[[Caterium Research]] - Caterium,,1,,1,60,,,0,,,0,,,0,,,,,,,,,,,,,,,,,,,,
Chainsaw,Chainsaw,No,No,No,0,Chainsaw,,No,Yes,[[Tier 2]] - Obstacle Clearing,,,15,1,0,,,0,,,0,,,0,5,Reinforced Iron Plate,25,Iron Rod,160,Screw,15,Cable,,,,,,,,,,,,
Circuit Board,Circuit Board,No,No,No,0,Circuit Board,Assembler,Yes,No,[[Tier 5]] - Oil Processing,,8,6,1,7.5,,,0,,,0,,,0,2,Copper Sheet,4,Plastic,,,,,,,,,,,,,,,,
Circuit Board,Circuit Board,No,No,Yes,0,Electrode Circuit Board,Assembler,No,No,[[Tier 5]] - Oil Processing,,12,,1,5,,,0,,,0,,,0,6,Rubber,9,Petroleum Coke,,,,,,,,,,,,,,,,
Circuit Board,Circuit Board,No,No,Yes,0,Silicone Circuit Board,Assembler,No,No,"[[Tier 5]] - Oil Processing
[[Quartz Research]] - Quartz",,24,,5,12.5,,,0,,,0,,,0,11,Copper Sheet,11,Silica,,,,,,,,,,,,,,,,
Circuit Board,Circuit Board,No,No,Yes,0,Caterium Circuit Board,Assembler,No,No,"[[Tier 5]] - Oil Processing
[[Caterium Research]] - Caterium Ingots",,48,,7,8.8,,,0,,,0,,,0,10,Plastic,30,Quickwire,,,,,,,,,,,,,,,,
Coal,Coal,No,No,No,0,Coal,Miner,No,No,[[Tier 3]] - Coal Power,,1,,1,60,,,0,,,0,,,0,,,,,,,,,,,,,,,,,,,,
Coal,Coal,No,No,Yes,0,Biocoal,Constructor,No,No,[[Tier 3]] - Coal Power,,8,,6,45,,,0,,,0,,,0,5,Biomass,,,,,,,,,,,,,,,,,,
Coal,Coal,No,No,Yes,0,Charcoal,Constructor,No,No,[[Tier 3]] - Coal Power,,4,,10,150,,,0,,,0,,,0,1,Wood,,,,,,,,,,,,,,,,,,
Coal Generator,Coal Generator,,,No,1,Coal Generator,Build Gun,,,[[Tier 3]] - Coal Power,,,,,0,,,60,,,60,,,60,20,Reinforced Iron Plate,10,Rotor,30,Cable,,,,,,,,,,,,,,
Color Gun,Color Cartridge,No,No,No,0,Color Cartridge,Constructor,Yes,Yes,[[Flower Petals Research]] - Color Cartridges,,8,2,10,75,,,0,,,0,,,0,5,Flower Petals,,,,,,,,,,,,,,,,,,
Color Gun,Color Gun,No,No,No,0,Color Gun,,No,Yes,[[Flower Petals Research]] - Color Gun,,,20,1,0,,,0,,,0,,,0,5,Iron Plate,80,Screw,40,Wire,,,,,,,,,,,,,,
Compacted Coal,Compacted Coal,No,No,Yes,0,Compacted Coal,Assembler,No,No,"[[Tier 3]] - Coal Power
[[Sulfur Research]] - Sulfur",,12,,5,25,,,0,,,0,,,0,5,Coal,5,Sulfur,,,,,,,,,,,,,,,,
Computer,Computer,No,No,No,0,Computer,Manufacturer,Yes,No,[[Tier 5]] - Industrial Manufacturing,,24,18,1,2.5,,,0,,,0,,,0,10,Circuit Board,9,Cable,18,Plastic,52,Screw,,,,,,,,,,,,
Computer,Computer,No,No,Yes,0,Crystal Computer,Assembler,No,No,"[[Tier 5]] - Industrial Manufacturing
[[Quartz Research]] - Quartz Crystal",,64,,3,2.8,,,0,,,0,,,0,8,Circuit Board,3,Crystal Oscillator,,,,,,,,,,,,,,,,
Computer,Computer,No,No,Yes,0,Caterium Computer,Manufacturer,No,No,"[[Tier 5]] - Industrial Manufacturing
[[Caterium Research]] - Caterium Ingots",,16,,1,3.8,,,0,,,0,,,0,7,Circuit Board,28,Quickwire,12,Rubber,,,,,,,,,,,,,,
Concrete,Concrete,No,No,No,0,Concrete,Constructor,Yes,No,[[Tier 0]] - HUB Upgrade 3,,4,2,1,15,,,0,,,0,,,0,3,Limestone,,,,,,,,,,,,,,,,,,
Concrete,Concrete,No,No,Yes,0,Rubber Concrete,Assembler,No,No,[[Tier 5]] - Oil Processing,,12,,9,45,,,0,,,0,,,0,10,Limestone,2,Rubber,,,,,,,,,,,,,,,,
Concrete,Concrete,No,No,Yes,0,Wet Concrete,Refinery,No,No,"[[Tier 3]] - Coal Power
''[[Tier 5]] - Oil Processing''",,3,,4,80,,,0,,,0,,,0,6,Limestone,5,Water,,,,,,,,,,,,,,,,
Concrete,Concrete,No,No,Yes,0,Fine Concrete,Assembler,No,No,"[[Quartz Research]] - Quartz
''[[Tier 2]] - Part Assembly''",,24,,10,25,,,0,,,0,,,0,3,Silica,12,Limestone,,,,,,,,,,,,,,,,
Constructor,Constructor,,,No,1,Constructor,Build Gun,,,[[Tier 0]] - HUB Upgrade 3,,,,,0,,,60,,,60,,,60,2,Reinforced Iron Plate,8,Cable,,,,,,,,,,,,,,,,
Constructor Mk.2,Constructor Mk.2,,Yes,No,1,,,,,,,,,,0,,,60,,,60,,,60,2,Heavy Modular Frame,2,Turbo Motor,1,Supercomputer,,,,,,,,,,,,,,
Constructor/zh,Constructor/zh,,,No,1,PAGENAME,,,,,,,,,0,,,60,,,60,,,60,2,Reinforced Iron Plate,8,Cable,,,,,,,,,,,,,,,,
Converter,Converter,,Yes,No,1,PAGENAME,,,,,,,,,0,,,60,,,60,,,60,1,S.A.M. Fluctuator,30,Concrete,10,Modular Frame,50,Cable,,,,,,,,,,,,
Conveyor Belt,Conveyor Belt Mk.1,,,No,1,Conveyor Belt Mk.1,Build Gun,,,[[Tier 0]] - HUB Upgrade 4,,,,,0,,,60,,,60,,,60,1,Iron Plate,,,,,,,,,,,,,,,,,,
Conveyor Belt,Conveyor Belt Mk.2,,,No,1,Conveyor Belt Mk.2,Build Gun,,,[[Tier 2]] - Logistics Mk.2,,,,,0,,,60,,,60,,,60,1,Reinforced Iron Plate,,,,,,,,,,,,,,,,,,
Conveyor Belt,Conveyor Belt Mk.3,,,No,1,Conveyor Belt Mk.3,Build Gun,,,[[Tier 4]] - Logistics Mk.3,,,,,0,,,60,,,60,,,60,1,Steel Beam,,,,,,,,,,,,,,,,,,
Conveyor Belt,Conveyor Belt Mk.4,,,No,1,Conveyor Belt Mk.4,Build Gun,,,[[Tier 6]] - Expanded power Infrastructure,,,,,0,,,60,,,60,,,60,1,Encased Industrial Beam,,,,,,,,,,,,,,,,,,
Conveyor Belt,Conveyor Belt Mk.5,,,No,1,Conveyor Belt Mk.5,Build Gun,,,[[Tier 7]] - Bauxite Refinement,,,,,0,,,60,,,60,,,60,1,Alclad Aluminum Sheet,,,,,,,,,,,,,,,,,,
Conveyor Belt,Conveyor Belt Mk.6,,Yes,No,1,Conveyor Belt Mk.6,Build Gun,,,[[Tier 8]],,,,,0,,,60,,,60,,,60,1,Alclad Aluminum Sheet,1,Heat Sink,,,,,,,,,,,,,,,,
Conveyor Lift,Conveyor Lift Mk.1,,,No,1,Conveyor Lift Mk.1,Build Gun,,,[[Tier 1]] - Logistics,,,,,0,,,60,,,60,,,60,2,Iron Plate,,,,,,,,,,,,,,,,,,
Conveyor Lift,Conveyor Lift Mk.2,,,No,1,Conveyor Lift Mk.2,Build Gun,,,[[Tier 2]] - Logistics Mk.2,,,,,0,,,60,,,60,,,60,2,Reinforced Iron Plate,,,,,,,,,,,,,,,,,,
Conveyor Lift,Conveyor Lift Mk.3,,,No,1,Conveyor Lift Mk.3,Build Gun,,,[[Tier 4]] - Logistics Mk.3,,,,,0,,,60,,,60,,,60,2,Steel Beam,,,,,,,,,,,,,,,,,,
Conveyor Lift,Conveyor Lift Mk.4,,,No,1,Conveyor Lift Mk.4,Build Gun,,,[[Tier 6]] - Expanded Power Infrastructure,,,,,0,,,60,,,60,,,60,2,Encased Industrial Beam,,,,,,,,,,,,,,,,,,
Conveyor Lift,Conveyor Lift Mk.5,,,No,1,Conveyor Lift Mk.5,Build Gun,,,[[Tier 7]] - Bauxite Refinement,,,,,0,,,60,,,60,,,60,2,Alclad Aluminum Sheet,,,,,,,,,,,,,,,,,,
Conveyor Lift,Conveyor Lift Mk.6,,Yes,No,1,Conveyor Lift Mk.6,Build Gun,,,[[Tier 8]],,,,,0,,,60,,,60,,,60,1,Alclad Aluminum Sheet,1,Heat Sink,,,,,,,,,,,,,,,,
Conveyor Merger,Conveyor Merger,,,No,1,Conveyor Merger,Build Gun,,,[[Tier 1]] - Logistics,,,,,0,,,60,,,60,,,60,2,Iron Plate,2,Iron Rod,,,,,,,,,,,,,,,,
Conveyor Pole,Conveyor Pole,,,No,1,Conveyor Pole,Build Gun,,,[[Tier 0]] - HUB Upgrade 4,,,,,0,,,60,,,60,,,60,1,Iron Rod,1,Iron Plate,1,Concrete,,,,,,,,,,,,,,
Conveyor Splitter,Conveyor Splitter,,,No,1,Conveyor Splitter,Build Gun,,,[[Tier 1]] - Logistics,,,,,0,,,60,,,60,,,60,2,Iron Plate,2,Cable,,,,,,,,,,,,,,,,
Copper Ingot,Copper Ingot,No,No,No,0,Copper Ingot,Smelter,Yes,No,[[Tier 0]] - HUB Upgrade 2,,2,3,1,30,,,0,,,0,,,0,1,Copper Ore,,,,,,,,,,,,,,,,,,
Copper Ingot,Copper Ingot,No,No,Yes,0,Copper Alloy Ingot,Foundry,No,No,'[[Tier 3]] - Basic Steel Production'',,12,,20,100,,,0,,,0,,,0,10,Copper Ore,5,Iron Ore,,,,,,,,,,,,,,,,
Copper Ingot,Copper Ingot,No,No,Yes,0,Pure Copper Ingot,Refinery,No,No,"[[Tier 3]] - Coal Power
''[[Tier 5]] - Oil Processing''",,24,,15,37.5,,,0,,,0,,,0,6,Copper Ore,4,Water,,,,,,,,,,,,,,,,
Copper Ore,Copper Ore,No,No,No,0,Copper Ore,Miner,No,No,[[Tier 0]] - HUB Upgrade 2,,1,,1,60,,,0,,,0,,,0,,,,,,,,,,,,,,,,,,,,
Copper Sheet,Copper Sheet,No,No,No,0,Copper Sheet,Constructor,Yes,No,[[Tier 2]] - Part Assembly,,6,3,1,10,,,0,,,0,,,0,2,Copper Ingot,,,,,,,,,,,,,,,,,,
Copper Sheet,Copper Sheet,No,No,Yes,0,Steamed Copper Sheet,Refinery,No,No,"[[Tier 3]] - Coal Power
''[[Tier 5]] - Oil Processing''",,8,,3,22.5,,,0,,,0,,,0,3,Copper Ingot,3,Water,,,,,,,,,,,,,,,,
Craft Bench,Craft Bench,,,No,1,Craft Bench,Build Gun,,,The Beginning,,,,,0,,,60,,,60,,,60,3,Iron Plate,3,Iron Rod,,,,,,,,,,,,,,,,
Craft Bench/ja,Craft Bench/ja,,,No,1,PAGENAME,,,,,,,,,0,,,60,,,60,,,60,3,Iron Plate,3,Iron Rod,,,,,,,,,,,,,,,,
Craft Bench/zh,Craft Bench/zh,,,No,1,PAGENAME,,,,,,,,,0,,,60,,,60,,,60,3,Iron Plate,3,Iron Rod,,,,,,,,,,,,,,,,
Crude Oil,Crude Oil,No,No,No,0,Crude Oil,Oil Extractor,No,No,[[Tier 5]] - Oil Processing,,1,,2,120,,,0,,,0,,,0,,,,,,,,,,,,,,,,,,,,
Crude Oil,Crude Oil,No,No,No,0,Unpackage Oil,Refinery,No,No,[[Tier 5]] - Alternative Fluid Transport,,2,,2,60,Empty Canister,2,60,,,0,,,0,2,Packaged Oil,,,,,,,,,,,,,,,,,,
Crystal Oscillator,Crystal Oscillator,No,No,No,0,Crystal Oscillator,Manufacturer,Yes,No,[[Quartz Research]] - Crystal Oscillator,,120,18,2,1,,,0,,,0,,,0,36,Quartz Crystal,28,Cable,5,Reinforced Iron Plate,,,,,,,,,,,,,,
Crystal Oscillator,Crystal Oscillator,No,No,Yes,0,Insulated Crystal Oscillator,Manufacturer,No,No,"[[Tier 5]] - Oil Processing
[[Quartz Research]] - Crystal Oscillator
[[Caterium Research]] - Caterium Electronics",,32,,1,1.9,,,0,,,0,,,0,10,Quartz Crystal,7,Rubber,1,A.I. Limiter,,,,,,,,,,,,,,
Cyber Wagon,Cyber Wagon,,,No,1,Cyber Wagon,Build Gun,,,[[AWESOME Shop]] - Vehicles,,,,,0,,,60,,,60,,,60,10,Reinforced Iron Plate,,,,,,,,,,,,,,,,,,
Dark Matter,Dark Matter,No,Yes,No,0,Dark Matter,Hadron Collider,No,No,,,1,0,1,60,,,0,,,0,,,0,,,,,,,,,,,,,,,,,,,,
Electric Locomotive,Electric Locomotive,,,No,1,Electric Locomotive,Build Gun,,,[[Tier 6]] - Monorail Train Technology,,,,,0,,,60,,,60,,,60,5,Heavy Modular Frame,10,Motor,15,Steel Pipe,5,Computer,5,Beacon,,,,,,,,,,
Electromagnetic Control Rod,Electromagnetic Control Rod,No,No,No,0,Electromagnetic Control Rod,Assembler,Yes,No,[[Tier 7]] - Nuclear Power,,30,15,2,4,,,0,,,0,,,0,3,Stator,2,A.I. Limiter,,,,,,,,,,,,,,,,
Electromagnetic Control Rod,Electromagnetic Control Rod,No,No,Yes,0,Electromagnetic Connection Rod,Assembler,No,No,"[[Tier 7]] - Nuclear Power
[[Caterium Research]] - A.I. Limiter",,60,,10,10,,,0,,,0,,,0,10,Stator,5,High-Speed Connector,,,,,,,,,,,,,,,,
Empty Canister,Empty Canister,No,No,No,1,Empty Canister,Constructor,Yes,No,[[Tier 5]] - Alternative Fluid Transport,,4,2,4,60,,,0,,,0,,,0,2,Plastic,,,,,,,,,,,,,,,,,,
Empty Platform,Empty Platform,,,No,1,Empty Platform,Build Gun,,,[[Tier 6]] - Monorail Train Technology,,,,,0,,,60,,,60,,,60,6,Heavy Modular Frame,50,Concrete,,,,,,,,,,,,,,,,
Encased Industrial Beam,Encased Industrial Beam,No,No,No,0,Encased Industrial Beam,Assembler,Yes,No,[[Tier 4]] - Advanced Steel Production,,10,5,1,6,,,0,,,0,,,0,4,Steel Beam,5,Concrete,,,,,,,,,,,,,,,,
Encased Industrial Beam,Encased Industrial Beam,No,No,Yes,0,Encased Industrial Pipe,Assembler,No,No,[[Tier 4]] - Advanced Steel Production,,15,,1,4,,,0,,,0,,,0,7,Steel Pipe,5,Concrete,,,,,,,,,,,,,,,,
Encased Uranium Cell,Encased Uranium Cell,No,No,No,0,Encased Uranium Cell,Assembler,Yes,No,[[Tier 7]] - Nuclear Power,,60,15,10,10,,,0,,,0,,,0,40,Uranium Pellet,9,Concrete,,,,,,,,,,,,,,,,
Encased Uranium Cell,Encased Uranium Cell,No,No,Yes,0,Infused Uranium Cell,Manufacturer,No,No,"[[Tier 7]] - Nuclear Power
[[Caterium Research]] - Caterium Ingots
[[Quartz Research]] - Quartz
[[Sulfur Research]] - Sulfur",,120,,35,17.5,,,0,,,0,,,0,40,Uranium Pellet,45,Sulfur,45,Silica,75,Quickwire,,,,,,,,,,,,
Equipment Workshop,Equipment Workshop,,,No,1,Equipment Workshop,Build Gun,,,[[Tier 0]] - HUB Upgrade 1,,,,,0,,,60,,,60,,,60,6,Iron Plate,4,Iron Rod,,,,,,,,,,,,,,,,
Equipment Workshop/zh,Equipment Workshop/zh,,,No,1,PAGENAME,,,,,,,,,0,,,60,,,60,,,60,6,Iron Plate,4,Iron Rod,,,,,,,,,,,,,,,,
Explorer,Explorer,,,No,1,Explorer,Build Gun,,,[[Quartz Research]] - The Explorer,,,,,0,,,60,,,60,,,60,5,Crystal Oscillator,5,Motor,15,Beacon,5,Heavy Modular Frame,,,,,,,,,,,,
Fabric,Fabric,No,No,No,0,Fabric,Assembler,Yes,No,[[Mycelia Research]] - Fabric,,4,2,1,15,,,0,,,0,,,0,1,Mycelia,5,Biomass,,,,,,,,,,,,,,,,
Fabric,Fabric,No,No,Yes,0,Polyester Fabric,Refinery,No,No,"[[Tier 5]] - Oil Processing
[[Mycelia Research]] - Fabric",,12,,1,5,,,0,,,0,,,0,16,Polymer Resin,10,Water,,,,,,,,,,,,,,,,
Factory Cart,Factory Cart,No,No,No,0,Factory Cart,Equipment Workshop,No,Yes,[[AWESOME Shop]] - Vehicles,,,10,1,0,,,0,,,0,,,0,4,Reinforced Iron Plate,4,Iron Rod,2,Rotor,,,,,,,,,,,,,,
Fluid Buffer,Fluid Buffer,,,No,1,Fluid Buffer,Build Gun,,,[[Tier 3]] - Coal Power,,,,,0,,,60,,,60,,,60,10,Copper Sheet,5,Modular Frame,,,,,,,,,,,,,,,,
Fluid Buffer,Industrial Fluid Buffer,,,No,1,Industrial Fluid Buffer,Build Gun,,,[[Tier 5]] - Alternative Fluid Transport,,,,,0,,,60,,,60,,,60,30,Plastic,3,Heavy Modular Frame,,,,,,,,,,,,,,,,
Foundations,Double Ramp 8m x 2m,,,No,1,Double Ramp 8m x 2m,Build Gun,,,[[AWESOME Shop]] - Double Ramp Pack,,,,,0,,,60,,,60,,,60,5,Concrete,,,,,,,,,,,,,,,,,,
Foundations,Double Ramp 8m x 4m,,,No,1,Double Ramp 8m x 4m,Build Gun,,,[[AWESOME Shop]] - Double Ramp Pack,,,,,0,,,60,,,60,,,60,5,Concrete,,,,,,,,,,,,,,,,,,
Foundations,Double Ramp 8m x 8m,,,No,1,Double Ramp 8m x 8m,Build Gun,,,[[AWESOME Shop]] - Double Ramp Pack,,,,,0,,,60,,,60,,,60,5,Concrete,,,,,,,,,,,,,,,,,,
Foundations,Down Corner 8m x 1m Inverted,,,No,1,Down Corner 8m x 1m Inverted,Build Gun,,,[[AWESOME Shop]] - Inverted Corner Ramp Pack,,,,,0,,,60,,,60,,,60,5,Concrete,,,,,,,,,,,,,,,,,,
Foundations,Down Corner 8m x 2m Inverted,,,No,1,Down Corner 8m x 2m Inverted,Build Gun,,,[[AWESOME Shop]] - Inverted Corner Ramp Pack,,,,,0,,,60,,,60,,,60,5,Concrete,,,,,,,,,,,,,,,,,,
Foundations,Down Corner 8m x 4m Inverted,,,No,1,Down Corner 8m x 4m Inverted,Build Gun,,,[[AWESOME Shop]] - Inverted Corner Ramp Pack,,,,,0,,,60,,,60,,,60,5,Concrete,,,,,,,,,,,,,,,,,,
Foundations,Down Corner Ramp 8m x 1m,,,No,1,Down Corner Ramp 8m x 1m,Build Gun,,,[[AWESOME Shop]] - Corner Ramp Pack,,,,,0,,,60,,,60,,,60,2,Concrete,,,,,,,,,,,,,,,,,,
Foundations,Down Corner Ramp 8m x 2m,,,No,1,Down Corner Ramp 8m x 2m,Build Gun,,,[[AWESOME Shop]] - Corner Ramp Pack,,,,,0,,,60,,,60,,,60,3,Concrete,,,,,,,,,,,,,,,,,,
Foundations,Down Corner Ramp 8m x 4m,,,No,1,Down Corner Ramp 8m x 4m,Build Gun,,,[[AWESOME Shop]] - Corner Ramp Pack,,,,,0,,,60,,,60,,,60,4,Concrete,,,,,,,,,,,,,,,,,,
Foundations,Foundation 8m x 1m,,,No,1,Foundation 8m x 1m,Build Gun,,,[[Tier 1]] - Base Building,,,,,0,,,60,,,60,,,60,6,Concrete,,,,,,,,,,,,,,,,,,
Foundations,Foundation 8m x 2m,,,No,1,Foundation 8m x 2m,Build Gun,,,[[Tier 1]] - Base Building,,,,,0,,,60,,,60,,,60,6,Concrete,,,,,,,,,,,,,,,,,,
Foundations,Foundation 8m x 4m,,,No,1,Foundation 8m x 4m,Build Gun,,,[[Tier 1]] - Base Building,,,,,0,,,60,,,60,,,60,6,Concrete,,,,,,,,,,,,,,,,,,
Foundations,Frame Foundation 8m x 4m,,,No,1,Frame Foundation 8m x 4m,Build Gun,,,[[AWESOME Shop]] - Foundations Expansion Pack,,,,,0,,,60,,,60,,,60,6,Concrete,,,,,,,,,,,,,,,,,,
Foundations,Glass Foundation 8m x 1m,,,No,1,Glass Foundation 8m x 1m,Build Gun,,,[[AWESOME Shop]] - Foundations Expansion Pack,,,,,0,,,60,,,60,,,60,6,Concrete,,,,,,,,,,,,,,,,,,
Foundations,Inner-Corner Quarter Pipe,,,No,1,Inner-Corner Quarter Pipe,Build Gun,,,[[AWESOME Shop]] - Quarter Pipes Pack,,,,,0,,,60,,,60,,,60,6,Concrete,,,,,,,,,,,,,,,,,,
Foundations,Inverted Inner-Corner Quarter Pipe,,,No,1,Inverted Inner-Corner Quarter Pipe,Build Gun,,,[[AWESOME Shop]] - Quarter Pipes Pack,,,,,0,,,60,,,60,,,60,6,Concrete,,,,,,,,,,,,,,,,,,
Foundations,Inverted Outer-Corner Quarter Pipe,,,No,1,Inverted Outer-Corner Quarter Pipe,Build Gun,,,[[AWESOME Shop]] - Quarter Pipes Pack,,,,,0,,,60,,,60,,,60,6,Concrete,,,,,,,,,,,,,,,,,,
Foundations,Inverted Quarter Pipe,,,No,1,Inverted Quarter Pipe,Build Gun,,,[[AWESOME Shop]] - Quarter Pipes Pack,,,,,0,,,60,,,60,,,60,6,Concrete,,,,,,,,,,,,,,,,,,
Foundations,Inverted Ramp 8m x 1m,,,No,1,Inverted Ramp 8m x 1m,Build Gun,,,[[AWESOME Shop]] - Inverted Ramp Pack,,,,,0,,,60,,,60,,,60,5,Concrete,,,,,,,,,,,,,,,,,,
Foundations,Inverted Ramp 8m x 2m,,,No,1,Inverted Ramp 8m x 2m,Build Gun,,,[[AWESOME Shop]] - Inverted Ramp Pack,,,,,0,,,60,,,60,,,60,5,Concrete,,,,,,,,,,,,,,,,,,
Foundations,Inverted Ramp 8m x 4m,,,No,1,Inverted Ramp 8m x 4m,Build Gun,,,[[AWESOME Shop]] - Inverted Ramp Pack,,,,,0,,,60,,,60,,,60,5,Concrete,,,,,,,,,,,,,,,,,,
Foundations,Outer-Corner Quarter Pipe,,,No,1,Outer-Corner Quarter Pipe,Build Gun,,,The beginning,,,,,0,,,60,,,60,,,60,6,Concrete,,,,,,,,,,,,,,,,,,
Foundations,Pillar Base,,,No,1,Pillar Base,Build Gun,,,[[AWESOME Shop]] - Foundation Pillar,,,,,0,,,60,,,60,,,60,6,Concrete,,,,,,,,,,,,,,,,,,
Foundations,Pillar Middle,,,No,1,Pillar Middle,Build Gun,,,[[AWESOME Shop]] - Foundation Pillar,,,,,0,,,60,,,60,,,60,6,Concrete,,,,,,,,,,,,,,,,,,
Foundations,Pillar Top,,,No,1,Pillar Top,Build Gun,,,[[AWESOME Shop]] - Foundation Pillar,,,,,0,,,60,,,60,,,60,6,Concrete,,,,,,,,,,,,,,,,,,
Foundations,Quarter Pipe,,,No,1,Quarter Pipe,Build Gun,,,[[AWESOME Shop]] - Quarter Pipes Pack,,,,,0,,,60,,,60,,,60,6,Concrete,,,,,,,,,,,,,,,,,,
Foundations,Ramp 8m x 1m,,,No,1,Ramp 8m x 1m,Build Gun,,,[[Tier 1]] - Base Building,,,,,0,,,60,,,60,,,60,3,Concrete,,,,,,,,,,,,,,,,,,
Foundations,Ramp 8m x 2m,,,No,1,Ramp 8m x 2m,Build Gun,,,[[Tier 1]] - Base Building,,,,,0,,,60,,,60,,,60,4,Concrete,,,,,,,,,,,,,,,,,,
Foundations,Ramp 8m x 4m,,,No,1,Ramp 8m x 4m,Build Gun,,,[[Tier 1]] - Base Building,,,,,0,,,60,,,60,,,60,5,Concrete,,,,,,,,,,,,,,,,,,
Foundations,Stairs Left,,,No,1,Stairs Left,Build Gun,,,[[AWESOME Shop]] - Stairs,,,,,0,,,60,,,60,,,60,5,Concrete,4,Iron Plate,,,,,,,,,,,,,,,,
Foundations,Stairs Right,,,No,1,Stairs Right,Build Gun,,,[[AWESOME Shop]] - Stairs,,,,,0,,,60,,,60,,,60,5,Concrete,4,Iron Plate,,,,,,,,,,,,,,,,
Foundations,Up Corner 8m x 1m Inverted,,,No,1,Up Corner 8m x 1m Inverted,Build Gun,,,[[AWESOME Shop]] - Inverted Corner Ramp Pack,,,,,0,,,60,,,60,,,60,5,Concrete,,,,,,,,,,,,,,,,,,
Foundations,Up Corner 8m x 2m Inverted,,,No,1,Up Corner 8m x 2m Inverted,Build Gun,,,[[AWESOME Shop]] - Inverted Corner Ramp Pack,,,,,0,,,60,,,60,,,60,5,Concrete,,,,,,,,,,,,,,,,,,
Foundations,Up Corner 8m x 4m Inverted,,,No,1,Up Corner 8m x 4m Inverted,Build Gun,,,[[AWESOME Shop]] - Inverted Corner Ramp Pack,,,,,0,,,60,,,60,,,60,5,Concrete,,,,,,,,,,,,,,,,,,
Foundations,Up Corner Ramp 8m x 1m,,,No,1,Up Corner Ramp 8m x 1m,Build Gun,,,[[AWESOME Shop]] - Corner Ramp Pack,,,,,0,,,60,,,60,,,60,2,Concrete,,,,,,,,,,,,,,,,,,
Foundations,Up Corner Ramp 8m x 2m,,,No,1,Up Corner Ramp 8m x 2m,Build Gun,,,[[AWESOME Shop]] - Corner Ramp Pack,,,,,0,,,60,,,60,,,60,3,Concrete,,,,,,,,,,,,,,,,,,
Foundations,Up Corner Ramp 8m x 4m,,,No,1,Up Corner Ramp 8m x 4m,Build Gun,,,[[AWESOME Shop]] - Corner Ramp Pack,,,,,0,,,60,,,60,,,60,4,Concrete,,,,,,,,,,,,,,,,,,
Foundry,Foundry,,,No,1,Foundry,Build Gun,,,[[Tier 3]] - Basic Steel Production,,,,,0,,,60,,,60,,,60,10,Modular Frame,10,Rotor,20,Concrete,,,,,,,,,,,,,,
Foundry Mk.2,Foundry Mk.2,,Yes,No,1,,,,,,,,,,0,,,60,,,60,,,60,6,Heavy Modular Frame,12,Concrete,2,Supercomputer,4,Radio Control Unit,,,,,,,,,,,,
Freight Car,Freight Car,,,No,1,Freight Car,Build Gun,,,[[Tier 6]] - Monorail Train Technology,,,,,0,,,60,,,60,,,60,4,Heavy Modular Frame,10,Steel Pipe,,,,,,,,,,,,,,,,
Freight Platform,Fluid Freight Platform,,,No,1,Fluid Freight Platform,Build Gun,,,[[Tier 6]] - Monorail Train Technology,,,,,0,,,60,,,60,,,60,6,Heavy Modular Frame,2,Computer,50,Concrete,25,Cable,5,Motor,,,,,,,,,,
Freight Platform,Freight Platform,,,No,1,Freight Platform,Build Gun,,,[[Tier 6]] - Monorail Train Technology,,,,,0,,,60,,,60,,,60,6,Heavy Modular Frame,2,Computer,50,Concrete,25,Cable,5,Motor,,,,,,,,,,
Fuel,Fuel,No,No,No,0,Fuel,Refinery,No,No,[[Tier 5]] - Oil Processing,,6,,4,40,Polymer Resin,3,30,,,0,,,0,6,Crude Oil,,,,,,,,,,,,,,,,,,
Fuel,Fuel,No,No,No,0,Residual Fuel,Refinery,No,No,[[Tier 5]] - Oil Processing,,6,,4,40,,,0,,,0,,,0,6,Heavy Oil Residue,,,,,,,,,,,,,,,,,,
Fuel,Fuel,No,No,No,0,Unpackage Fuel,Refinery,No,No,[[Tier 5]] - Alternative Fluid Transport,,2,,2,60,Empty Canister,2,60,,,0,,,0,2,Packaged Fuel,,,,,,,,,,,,,,,,,,
Fuel Generator,Fuel Generator,,,No,1,Fuel Generator,Build Gun,,,[[Tier 6]] - Expanded Power Infrastructure,,,,,0,,,60,,,60,,,60,5,Computer,10,Heavy Modular Frame,15,Motor,50,Rubber,50,Quickwire,,,,,,,,,,
Gas mask,Gas Filter,No,No,No,0,Gas Filter,Manufacturer,Yes,Yes,[[Tier 5]] - GasMask,,8,2,1,7.5,,,0,,,0,,,0,5,Coal,2,Rubber,2,Fabric,,,,,,,,,,,,,,
Gas mask,Gas mask,No,No,No,0,Gas mask,,No,Yes,[[Tier 5]] - GasMask,,,20,1,0,,,0,,,0,,,0,100,Rubber,100,Plastic,100,Fabric,,,,,,,,,,,,,,
Geo Thermal Generator,Geo Thermal Generator,,,No,1,Geo Thermal Generator,Build Gun,,,[[Caterium Research]] - Geothermal Generator,,,,,0,,,60,,,60,,,60,8,Supercomputer,16,Heavy Modular Frame,16,High-Speed Connector,40,Copper Sheet,80,Rubber,,,,,,,,,,
Hadron Collider,Hadron Collider,,Yes,No,1,,,,,,,,,,0,,,60,,,60,,,60,10,Heavy Modular Frame,20,Cable,10,Supercomputer,5,High-Speed Connector,10,Motor,,,,,,,,,,
Hazmat Suit,Hazmat Suit,No,No,No,0,Hazmat Suit,,No,Yes,[[Tier 7]] - Hazmat Suit,,,30,1,0,,,0,,,0,,,0,50,Rubber,50,Plastic,50,Alclad Aluminum Sheet,50,Fabric,,,,,,,,,,,,
Hazmat Suit,Iodine Infused Filter,No,No,No,0,Iodine Infused Filter,Manufacturer,Yes,Yes,[[Tier 7]] - Hazmat Suit,,16,4,1,3.8,,,0,,,0,,,0,1,Gas Filter,8,Quickwire,2,Rubber,,,,,,,,,,,,,,
Heat Sink,Heat Sink,No,No,No,0,Heat Sink,Assembler,Yes,No,[[Tier 7]] - Advanced Aluminum Production,,12,9,2,10,,,0,,,0,,,0,8,Alclad Aluminum Sheet,14,Rubber,,,,,,,,,,,,,,,,
Heat Sink,Heat Sink,No,No,Yes,0,Heat Exchanger,Assembler,No,No,[[Tier 7]] - Advanced Aluminum Production,,32,,7,13.1,,,0,,,0,,,0,20,Alclad Aluminum Sheet,30,Copper Sheet,,,,,,,,,,,,,,,,
Heavy Modular Frame,Heavy Modular Frame,No,No,No,0,Heavy Modular Frame,Manufacturer,Yes,No,[[Tier 4]] - Advanced Steel Production,,30,9,1,2,,,0,,,0,,,0,5,Modular Frame,15,Steel Pipe,5,Encased Industrial Beam,100,Screw,,,,,,,,,,,,
Heavy Modular Frame,Heavy Modular Frame,No,No,Yes,0,Heavy Flexible Frame,Manufacturer,No,No,[[Tier 5]] - Industrial Manufacturing,,16,,1,3.8,,,0,,,0,,,0,5,Modular Frame,3,Encased Industrial Beam,20,Rubber,104,Screw,,,,,,,,,,,,
Heavy Modular Frame,Heavy Modular Frame,No,No,Yes,0,Heavy Encased Frame,Manufacturer,No,No,[[Tier 5]] - Industrial Manufacturing,,64,,3,2.8,,,0,,,0,,,0,8,Modular Frame,10,Encased Industrial Beam,36,Steel Pipe,22,Concrete,,,,,,,,,,,,
Heavy Oil Residue,Heavy Oil Residue,No,No,No,0,Unpackage Heavy Oil Residue,Refinery,No,No,[[Tier 5]] - Alternative Fluid Transport,,6,,2,20,Empty Canister,2,20,,,0,,,0,2,Packaged Heavy Oil Residue,,,,,,,,,,,,,,,,,,
Heavy Oil Residue,Heavy Oil Residue,No,No,Yes,0,Heavy Oil Residue,Refinery,No,No,[[Tier 5]] - Oil Processing,,6,,4,40,Polymer Resin,2,20,,,0,,,0,3,Crude Oil,,,,,,,,,,,,,,,,,,
High-Speed Connector,High-Speed Connector,No,No,No,0,High-Speed Connector,Manufacturer,Yes,No,[[Caterium Research]] - High-Speed Connector,,16,8,1,3.8,,,0,,,0,,,0,56,Quickwire,10,Cable,1,Circuit Board,,,,,,,,,,,,,,
High-Speed Connector,High-Speed Connector,No,No,Yes,0,Silicone High-Speed Connector,Manufacturer,No,No,"[[Tier 5]] - Oil Processing
[[Caterium Research]] - High-Speed Connector
[[Quartz Research]] - Quartz",,40,,2,3,,,0,,,0,,,0,60,Quickwire,25,Silica,2,Circuit Board,,,,,,,,,,,,,,
Hyper Tube,Hyper Tube,,,No,1,Hyper Tube,Build Gun,,,[[Tier 4]] - Hyper Tubes,,,,,0,,,60,,,60,,,60,1,Copper Sheet,1,Steel Pipe,,,,,,,,,,,,,,,,
Hyper Tube Entrance,Hyper Tube Entrance,,,No,1,Hyper Tube Entrance,Build Gun,,,[[Tier 4]] - Hyper Tubes,,,,,0,,,60,,,60,,,60,4,Encased Industrial Beam,4,Rotor,10,Steel Pipe,,,,,,,,,,,,,,
Hyper Tube Support,Hyper Tube Support,,,No,1,Hyper Tube Support,Build Gun,,,[[Tier 4]] - Hyper Tubes,,,,,0,,,60,,,60,,,60,2,Iron Plate,2,Concrete,,,,,,,,,,,,,,,,
Industrial Lighting,Industrial Lighting,,Yes,No,1,PAGENAME,,,,,,,,,0,,,60,,,60,,,60,5,Iron Rod,5,Wire,,,,,,,,,,,,,,,,
Iron Ingot,Iron Ingot,No,No,No,0,Iron Ingot,Smelter,Yes,No,The beginning,,2,3,1,30,,,0,,,0,,,0,1,Iron Ore,,,,,,,,,,,,,,,,,,
Iron Ingot,Iron Ingot,No,No,Yes,0,Pure Iron Ingot,Refinery,No,No,"[[Tier 3]] - Coal Power
''[[Tier 5]] - Oil Processing''",,12,,13,65,,,0,,,0,,,0,7,Iron Ore,4,Water,,,,,,,,,,,,,,,,
Iron Ingot,Iron Ingot,No,No,Yes,0,Iron Alloy Ingot,Foundry,No,No,"[[Tier 1]]
''[[Tier 3]] - Basic Steel Production''",,6,,5,50,,,0,,,0,,,0,2,Iron Ore,2,Copper Ore,,,,,,,,,,,,,,,,
Iron Ore,Iron Ore,No,No,No,0,Iron Ore,Miner,No,No,The beginning,,1,,1,60,,,0,,,0,,,0,,,,,,,,,,,,,,,,,,,,
Iron Plate,Iron Plate,No,No,No,0,Iron Plate,Constructor,Yes,No,The beginning,,6,3,2,20,,,0,,,0,,,0,3,Iron Ingot,,,,,,,,,,,,,,,,,,
Iron Plate,Iron Plate,No,No,Yes,0,Coated Iron Plate,Assembler,No,No,[[Tier 5]] - Oil Processing,,12,,15,75,,,0,,,0,,,0,10,Iron Ingot,2,Plastic,,,,,,,,,,,,,,,,
Iron Plate,Iron Plate,No,No,Yes,0,Steel Coated Plate,Assembler,No,No,[[Tier 5]] - Oil Processing,,24,,18,45,,,0,,,0,,,0,3,Steel Ingot,2,Plastic,,,,,,,,,,,,,,,,
Iron Rod,Iron Rod,No,No,No,0,Iron Rod,Constructor,Yes,No,The beginning,,4,1,1,15,,,0,,,0,,,0,1,Iron Ingot,,,,,,,,,,,,,,,,,,
Iron Rod,Iron Rod,No,No,Yes,0,Steel Rod,Constructor,No,No,[[Tier 3]] - Basic Steel Production,,5,,4,48,,,0,,,0,,,0,1,Steel Ingot,,,,,,,,,,,,,,,,,,
Jetpack,Jetpack,No,No,No,0,Jetpack,,No,Yes,[[Tier 6]] - Jetpack,,,30,1,0,,,0,,,0,,,0,50,Plastic,15,Circuit Board,50,Rubber,25,Cable,,,,,,,,,,,,
Jump Pad,Jump Pad,,,No,1,Jump Pad,Build Gun,,,[[Tier 2]] - Jump Pads,,,,,0,,,60,,,60,,,60,2,Rotor,15,Iron Plate,10,Cable,,,,,,,,,,,,,,
Limestone,Limestone,No,No,No,0,Limestone,Miner,No,No,[[Tier 0]] - HUB Upgrade 3,,1,,1,60,,,0,,,0,,,0,,,,,,,,,,,,,,,,,,,,
Liquid Biofuel,Liquid Biofuel,No,No,No,0,Liquid Biofuel,Refinery,No,No,[[Tier 5]] - Alternative Fluid Transport,,4,,4,60,,,0,,,0,,,0,6,Solid Biofuel,3,Water,,,,,,,,,,,,,,,,
Liquid Biofuel,Liquid Biofuel,No,No,No,0,Unpackage Liquid Biofuel,Refinery,No,No,[[Tier 5]] - Alternative Fluid Transport,,2,,2,60,Empty Canister,2,60,,,0,,,0,2,Packaged Liquid Biofuel,,,,,,,,,,,,,,,,,,
Lookout Tower,Lookout Tower,,,No,1,Lookout Tower,Build Gun,,,[[Tier 1]] - Base Building,,,,,0,,,60,,,60,,,60,5,Iron Plate,5,Iron Rod,,,,,,,,,,,,,,,,
Lookout Tower/zh,Lookout Tower/zh,,,No,1,PAGENAME,,,,,,,,,0,,,60,,,60,,,60,5,Iron Plate,5,Iron Rod,,,,,,,,,,,,,,,,
M.A.M.,M.A.M.,,,No,1,M.A.M.,Build Gun,,,[[Tier 1]] - Field Research,,,,,0,,,60,,,60,,,60,5,Reinforced Iron Plate,15,Cable,45,Wire,,,,,,,,,,,,,,
M.A.M./zh,M.A.M./zh,,,No,1,PAGENAME,,,,,,,,,0,,,60,,,60,,,60,5,Reinforced Iron Plate,15,Cable,45,Wire,,,,,,,,,,,,,,
Manufacturer,Manufacturer,,,No,1,Manufacturer,Build Gun,,,[[Tier 5]] - Industrial Manufacturing,,,,,0,,,60,,,60,,,60,5,Motor,10,Heavy Modular Frame,50,Cable,50,Plastic,,,,,,,,,,,,
Manufacturer Mk.2,Manufacturer Mk.2,,Yes,No,1,,,,,,,,,,0,,,60,,,60,,,60,6,Heavy Modular Frame,6,Turbo Motor,5,Supercomputer,,,,,,,,,,,,,,
Medicinal Inhaler,Medicinal Inhaler,No,No,No,0,Nutritional Inhaler,Equipment Workshop,No,Yes,[[Nutrients]] - Nutritional Inhaler,,,5,1,0,,,0,,,0,,,0,1,Bacon Agaric,3,Paleberry,7,Beryl Nut,,,,,,,,,,,,,,
Medicinal Inhaler,Medicinal Inhaler,No,No,No,0,Medicinal Inhaler: Alien Organs,Equipment Workshop,No,Yes,[[Alien Organisms]] - Medicinal Inhaler,,,5,1,0,,,0,,,0,,,0,3,Alien Organs,5,Mycelia,,,,,,,,,,,,,,,,
Medicinal Inhaler,Medicinal Inhaler,No,No,No,0,Medicinal Inhaler,Equipment Workshop,No,Yes,[[Mycelia Research]] - Medicinal Inhaler,,,5,1,0,,,0,,,0,,,0,1,Bacon Agaric,2,Paleberry,3,Beryl Nut,5,Mycelia,,,,,,,,,,,,
Miner,Miner Mk.1,,,No,1,Miner Mk.1,Build Gun,,,[[Tier 0]] - HUB Upgrade 5,,,,,0,,,60,,,60,,,60,1,Portable Miner,10,Iron Plate,10,Concrete,,,,,,,,,,,,,,
Miner,Miner Mk.2,,,No,1,Miner Mk.2,Build Gun,,,[[Tier 4]] - Advanced Steel Production,,,,,0,,,60,,,60,,,60,2,Portable Miner,10,Encased Industrial Beam,20,Steel Pipe,10,Modular Frame,,,,,,,,,,,,
Miner,Miner Mk.3,,,No,1,Miner Mk.3,Build Gun,,,[[Tier 7]] - Advanced Aluminum Production,,,,,0,,,60,,,60,,,60,3,Portable Miner,4,Heavy Modular Frame,20,Steel Pipe,5,Turbo Motor,5,Computer,,,,,,,,,,
Miner,Portable Miner,No,No,No,0,Portable Miner,,No,Yes,[[Tier 0]] - HUB Upgrade 1,,,10,1,0,,,0,,,0,,,0,2,Iron Plate,4,Iron Rod,,,,,,,,,,,,,,,,
Modular Engine,Modular Engine,No,No,No,0,Modular Engine,Manufacturer,No,No,[[Tier 5]] - Industrial Manufacturing,,60,,1,1,,,0,,,0,,,0,2,Motor,15,Rubber,2,Smart Plating,,,,,,,,,,,,,,
Modular Frame,Modular Frame,No,No,No,0,Modular Frame,Assembler,Yes,No,[[Tier 2]] - Part Assembly,,60,15,2,2,,,0,,,0,,,0,3,Reinforced Iron Plate,12,Iron Rod,,,,,,,,,,,,,,,,
Modular Frame,Modular Frame,No,No,Yes,0,Bolted Frame,Assembler,No,No,[[Tier 2]] - Part Assembly,,24,,2,5,,,0,,,0,,,0,3,Reinforced Iron Plate,56,Screw,,,,,,,,,,,,,,,,
Modular Frame,Modular Frame,No,No,Yes,0,Steeled Frame,Assembler,No,No,[[Tier 3]] - Basic Steel Production,,60,,3,3,,,0,,,0,,,0,2,Reinforced Iron Plate,10,Steel Pipe,,,,,,,,,,,,,,,,
Motor,Motor,No,No,No,0,Motor,Assembler,Yes,No,[[Tier 4]] - Advanced Steel Production,,12,12,1,5,,,0,,,0,,,0,2,Rotor,2,Stator,,,,,,,,,,,,,,,,
Motor,Motor,No,No,Yes,0,Rigour Motor,Manufacturer,No,No,"[[Tier 4]] - Advanced Steel Production
[[Quartz Research]] - Quartz Crystals
''[[Tier 5]] - Industrial Manufacturing''",,48,,6,7.5,,,0,,,0,,,0,3,Rotor,3,Stator,1,Crystal Oscillator,,,,,,,,,,,,,,
Nobelisk Detonator,Nobelisk,No,No,No,0,Nobelisk,Assembler,No,Yes,[[Sulfur Research]] - Nobelisk Explosives,,20,5,1,3,,,0,,,0,,,0,5,Black Powder,10,Steel Pipe,,,,,,,,,,,,,,,,
Nobelisk Detonator,Nobelisk,No,No,Yes,0,Seismic Nobelisk,Manufacturer,No,No,"[[Sulfur Research]] - Nobelisk Explosives
[[Quartz Research]] - Quartz Crystals
''[[Tier 5]] - Industrial Manufacturing''",,40,,4,6,,,0,,,0,,,0,8,Black Powder,8,Steel Pipe,1,Crystal Oscillator,,,,,,,,,,,,,,
Nobelisk Detonator,Nobelisk Detonator,No,No,No,0,Nobelisk Detonator,,No,Yes,[[Sulfur Research]] - Nobelisk Detonator,,,20,1,0,,,0,,,0,,,0,5,Object Scanner,5,Encased Industrial Beam,50,Cable,,,,,,,,,,,,,,
Nuclear Fuel Rod,Nuclear Fuel Rod,No,No,No,0,Nuclear Fuel Rod,Manufacturer,No,No,[[Tier 7]] - Nuclear Power,,150,,1,0.4,,,0,,,0,,,0,25,Encased Uranium Cell,3,Encased Industrial Beam,5,Electromagnetic Control Rod,,,,,,,,,,,,,,
Nuclear Fuel Rod,Nuclear Fuel Rod,No,No,Yes,0,Nuclear Fuel Unit,Manufacturer,No,No,"[[Tier 7]] - Nuclear Power
[[Quartz Research]] - Quartz Crystals",,300,,3,0.6,,,0,,,0,,,0,50,Encased Uranium Cell,10,Electromagnetic Control Rod,3,Crystal Oscillator,6,Beacon,,,,,,,,,,,,
Nuclear Power Plant,Nuclear Power Plant,,,No,1,Nuclear Power Plant,Build Gun,,,[[Tier 7]] - Nuclear Power,,,,,0,,,60,,,60,,,60,150,Concrete,10,Heavy Modular Frame,5,Supercomputer,50,Cable,15,High-Speed Connector,,,,,,,,,,
Nuclear Waste,Nuclear Waste,No,No,No,0,Nuclear Waste,Nuclear Power Plant,No,No,[[Tier 7]] - Nuclear Power,,300,,25,5,,,0,,,0,,,0,1,Nuclear Fuel Rod,,,,,,,,,,,,,,,,,,
Object Scanner,Object Scanner,No,No,No,0,Object Scanner,,No,Yes,[[Tier 1]] - Field Research,,,10,1,0,,,0,,,0,,,0,4,Reinforced Iron Plate,3,Beacon,50,Screw,,,,,,,,,,,,,,
Oil Extractor,Oil Extractor,,,No,1,Oil Extractor,Build Gun,,,[[Tier 5]] - Oil Processing,,,,,0,,,60,,,60,,,60,15,Motor,20,Encased Industrial Beam,60,Cable,,,,,,,,,,,,,,
Packaged Fuel,Packaged Fuel,No,No,No,0,Packaged Fuel,Refinery,No,No,[[Tier 5]] - Alternative Fluid Transport,,3,,2,40,,,0,,,0,,,0,2,Fuel,2,Empty Canister,,,,,,,,,,,,,,,,
Packaged Fuel,Packaged Fuel,No,No,Yes,0,Diluted Packaged Fuel,Refinery,No,No,[[Tier 5]] - Oil Processing,,2,,2,60,,,0,,,0,,,0,1,Heavy Oil Residue,2,Packaged Water,,,,,,,,,,,,,,,,
Packaged Heavy Oil Residue,Packaged Heavy Oil Residue,No,No,No,0,Packaged Heavy Oil Residue,Refinery,No,No,[[Tier 5]] - Alternative Fluid Transport,,4,,2,30,,,0,,,0,,,0,2,Heavy Oil Residue,2,Empty Canister,,,,,,,,,,,,,,,,
Packaged Liquid Biofuel,Packaged Liquid Biofuel,No,No,No,0,Packaged Liquid Biofuel,Refinery,No,No,[[Tier 5]] - Alternative Fluid Transport,,3,,2,40,,,0,,,0,,,0,2,Liquid Biofuel,2,Empty Canister,,,,,,,,,,,,,,,,
Packaged Oil,Packaged Oil,No,No,No,0,Packaged Oil,Refinery,No,No,[[Tier 5]] - Alternative Fluid Transport,,4,,2,30,,,0,,,0,,,0,2,Crude Oil,2,Empty Canister,,,,,,,,,,,,,,,,
Packaged Turbofuel,Packaged Turbofuel,No,No,No,0,Packaged Turbofuel,Refinery,No,No,"[[Tier 5]] - Alternative Fluid Transport
[[Alternate Recipe]] - Turbofuel",,6,,2,20,,,0,,,0,,,0,2,Turbofuel,2,Empty Canister,,,,,,,,,,,,,,,,
Packaged Water,Packaged Water,No,No,No,0,Packaged Water,Refinery,No,No,[[Tier 5]] - Alternative Fluid Transport,,2,,2,60,,,0,,,0,,,0,2,Water,2,Empty Canister,,,,,,,,,,,,,,,,
Parachute,Parachute,No,No,No,0,Parachute,,No,Yes,[[Mycelia Research]] - Parachute,,,10,5,0,,,0,,,0,,,0,10,Fabric,5,Cable,,,,,,,,,,,,,,,,
Personal Storage Box,Personal Storage Box,,,No,1,Personal Storage Box,Build Gun,,,[[Tier 1]] - Field Research,,,,,0,,,60,,,60,,,60,6,Iron Plate,6,Iron Rod,,,,,,,,,,,,,,,,
Petroleum Coke,Petroleum Coke,No,No,No,0,Petroleum Coke,Refinery,No,No,[[Tier 5]] - Oil Processing,,6,,12,120,,,0,,,0,,,0,4,Heavy Oil Residue,,,,,,,,,,,,,,,,,,
Pipeline,Pipeline,,,No,1,Pipeline,Build Gun,,,[[Tier 3]] - Coal Power,,,,,0,,,60,,,60,,,60,1,Copper Sheet,,,,,,,,,,,,,,,,,,
Pipeline Junction Cross,Pipeline Junction Cross,,,No,1,Pipeline Junction Cross,Build Gun,,,[[Tier 3]] - Coal Power,,,,,0,,,60,,,60,,,60,5,Copper Sheet,,,,,,,,,,,,,,,,,,
Pipeline Pump,Pipeline Pump,,,No,1,Pipeline Pump,Build Gun,,,[[Tier 3]] - Coal Power,,,,,0,,,60,,,60,,,60,2,Copper Sheet,2,Rotor,,,,,,,,,,,,,,,,
Pipeline Support,Pipeline Support,,,No,1,Pipeline Support,Build Gun,,,[[Tier 3]] - Coal Power,,,,,0,,,60,,,60,,,60,2,Iron Plate,2,Concrete,,,,,,,,,,,,,,,,
Plastic,Plastic,No,No,No,0,Plastic,Refinery,No,No,[[Tier 5]] - Oil Processing,,6,,2,20,Heavy Oil Residue,1,10,,,0,,,0,3,Crude Oil,,,,,,,,,,,,,,,,,,
Plastic,Plastic,No,No,No,0,Residual Plastic,Refinery,No,No,[[Tier 5]] - Oil Processing,,6,,2,20,,,0,,,0,,,0,6,Polymer Resin,2,Water,,,,,,,,,,,,,,,,
Plastic,Plastic,No,No,Yes,0,Recycled Plastic,Refinery,No,No,[[Tier 5]] - Oil Processing,,12,,12,60,,,0,,,0,,,0,6,Rubber,6,Fuel,,,,,,,,,,,,,,,,
Polymer Resin,Polymer Resin,No,No,Yes,0,Polymer Resin,Refinery,No,No,[[Tier 5]] - Oil Processing,,6,,13,130,Heavy Oil Residue,2,20,,,0,,,0,6,Crude Oil,,,,,,,,,,,,,,,,,,
Power Line,Power Line,,,No,1,Power Line,Build Gun,,,[[Tier 0]] - HUB Upgrade 2,,,,,0,,,60,,,60,,,60,1,Cable,,,,,,,,,,,,,,,,,,
Power Pole,Double Wall Outlet,,,No,1,Double Wall Outlet,Build Gun,,,"[[Tier 0]] - HUB Upgrade 3
[[AWESOME Shop]] - Wall Outlets Mk.1",,,,,0,,,60,,,60,,,60,8,Wire,2,Iron Rod,,,,,,,,,,,,,,,,
Power Pole,Double Wall Outlet Mk.2,,,No,1,Double Wall Outlet Mk.2,Build Gun,,,"[[Caterium Research]]
[[AWESOME Shop]] - Wall Outlets Mk.2",,,,,0,,,60,,,60,,,60,16,Quickwire,4,Iron Rod,,,,,,,,,,,,,,,,
Power Pole,Double Wall Outlet Mk.3,,,No,1,Double Wall Outlet Mk.3,Build Gun,,,"[[Caterium Research]]
[[AWESOME Shop]] - Wall Outlets Mk.3",,,,,0,,,60,,,60,,,60,6,High-Speed Connector,6,Steel Pipe,,,,,,,,,,,,,,,,
Power Pole,Power Pole,,,No,1,Power Pole,Build Gun,,,[[Tier 0]] - HUB Upgrade 3,,,,,0,,,60,,,60,,,60,3,Wire,1,Iron Rod,1,Concrete,,,,,,,,,,,,,,
Power Pole,Power Pole Mk.2,,,No,1,Power Pole Mk.2,Build Gun,,,[[Caterium Research]],,,,,0,,,60,,,60,,,60,6,Quickwire,2,Iron Rod,2,Concrete,,,,,,,,,,,,,,
Power Pole,Power Pole Mk.3,,,No,1,Power Pole Mk.3,Build Gun,,,[[Caterium Research]],,,,,0,,,60,,,60,,,60,2,High-Speed Connector,2,Steel Pipe,3,Concrete,,,,,,,,,,,,,,
Power Pole,Wall Outlet,,,No,1,Wall Outlet,Build Gun,,,"[[Tier 0]] - HUB Upgrade 3
[[AWESOME Shop]] - Wall Outlets Mk.1",,,,,0,,,60,,,60,,,60,4,Wire,1,Iron Rod,,,,,,,,,,,,,,,,
Power Pole,Wall Outlet Mk.2,,,No,1,Wall Outlet Mk.2,Build Gun,,,"[[Caterium Research]]
[[AWESOME Shop]] - Wall Outlets Mk.2",,,,,0,,,60,,,60,,,60,8,Quickwire,2,Iron Rod,,,,,,,,,,,,,,,,
Power Pole,Wall Outlet Mk.3,,,No,1,Wall Outlet Mk.3,Build Gun,,,"[[Caterium Research]]
[[AWESOME Shop]] - Wall Outlets Mk.3",,,,,0,,,60,,,60,,,60,3,High-Speed Connector,3,Steel Pipe,,,,,,,,,,,,,,,,
Power Shard,Power Shard,No,No,No,0,Power Shard (1),Constructor,Yes,No,[[Power Slugs Research]] - Green Power Slugs,,8,4,1,7.5,,,0,,,0,,,0,1,Green Power Slug,,,,,,,,,,,,,,,,,,
Power Shard,Power Shard,No,No,No,0,Power Shard (2),Constructor,Yes,No,[[Power Slugs Research]] - Yellow Power Slugs,,12,6,2,10,,,0,,,0,,,0,1,Yellow Power Slug,,,,,,,,,,,,,,,,,,
Power Shard,Power Shard,No,No,No,0,Power Shard (3),Constructor,Yes,No,[[Power Slugs Research]] - Purple Power Slugs,,24,12,5,12.5,,,0,,,0,,,0,1,Purple Power Slug,,,,,,,,,,,,,,,,,,
Powered Wall,Powered Wall,,Yes,No,1,PAGENAME,,,,,,,,,0,,,60,,,60,,,60,2,Heavy Modular Frame,2,Heat Sink,1,High-Speed Connector,,,,,,,,,,,,,,
Programmable Splitter,Programmable Splitter,,,No,1,Programmable Splitter,Build Gun,,,[[Caterium Research]] - Programmable Splitter,,,,,0,,,60,,,60,,,60,1,Heavy Modular Frame,1,Motor,1,Supercomputer,,,,,,,,,,,,,,
Quantum Computer,Quantum Computer,No,Yes,No,0,Quantum Computer,Manufacturer,No,No,,,32,0,1,1.9,,,0,,,0,,,0,2,Supercomputer,2,Radio Control Unit,2,Superposition Oscillator,15,Plastic,,,,,,,,,,,,
Quantum Crystal,Quantum Crystal,No,Yes,No,0,Quantum Crystal,Quantum Encoder,No,No,,,24,0,1,2.5,,,0,,,0,,,0,10,Quartz Crystal,12,Dark Matter,,,,,,,,,,,,,,,,
Quantum Encoder,Quantum Encoder,,Yes,No,1,PAGENAME,,,,,,,,,0,,,60,,,60,,,60,20,Heavy Modular Frame,10,Crystal Oscillator,10,Supercomputer,10,High-Speed Connector,,,,,,,,,,,,
Quartz Crystal,Quartz Crystal,No,No,No,0,Quartz Crystal,Constructor,Yes,No,[[Quartz Research]] - Quartz Crystals,,8,8,3,22.5,,,0,,,0,,,0,5,Raw Quartz,,,,,,,,,,,,,,,,,,
Quartz Crystal,Quartz Crystal,No,No,Yes,0,Pure Quartz Crystal,Refinery,No,No,"[[Tier 3]] - Coal Power
[[Quartz Research]] - Quartz Crystals
''[[Tier 5]] - Oil Processing''",,8,,7,52.5,,,0,,,0,,,0,9,Raw Quartz,5,Water,,,,,,,,,,,,,,,,
Quickwire,Quickwire,No,No,No,0,Quickwire,Constructor,Yes,No,[[Caterium Research]] - Quickwire,,5,5,5,60,,,0,,,0,,,0,1,Caterium Ingot,,,,,,,,,,,,,,,,,,
Quickwire,Quickwire,No,No,Yes,0,Fused Quickwire,Assembler,No,No,"[[Caterium Research]] - Caterium Ingots
''[[Tier 2]] - Part Assembly''",,8,,12,90,,,0,,,0,,,0,1,Caterium Ingot,5,Copper Ingot,,,,,,,,,,,,,,,,
Radar Tower,Radar Tower,,,No,1,Radar Tower,Build Gun,,,[[Quartz Research]] - Radar Technology,,,,,0,,,60,,,60,,,60,30,Heavy Modular Frame,30,Crystal Oscillator,20,Beacon,100,Cable,,,,,,,,,,,,
Radio Control Unit,Radio Control Unit,No,No,No,0,Radio Control Unit,Manufacturer,Yes,No,[[Quartz Research]] - Radio Control Unit,,24,18,1,2.5,,,0,,,0,,,0,4,Heat Sink,16,Rubber,1,Crystal Oscillator,1,Computer,,,,,,,,,,,,
Radio Control Unit,Radio Control Unit,No,No,Yes,0,Radio Control System,Manufacturer,No,No,"[[Quartz Research]] - Radio Control Unit
[[Caterium Research]] - High-Speed Connector",,48,,3,3.8,,,0,,,0,,,0,10,Heat Sink,1,Supercomputer,30,Quartz Crystal,,,,,,,,,,,,,,
Railway,Railway,,,No,1,Railway,Build Gun,,,[[Tier 6]] - Monorail Train Technology,,,,,0,,,60,,,60,,,60,1,Steel Pipe,1,Steel Beam,,,,,,,,,,,,,,,,
Raw Quartz,Raw Quartz,No,No,No,0,Raw Quartz,Miner,No,No,[[Quartz Research]],,1,,1,60,,,0,,,0,,,0,,,,,,,,,,,,,,,,,,,,
Rebar Gun,Rebar Gun,No,No,No,0,Rebar Gun,,No,Yes,[[Alien Organisms]] - Rebar Gun,,,25,1,0,,,0,,,0,,,0,6,Reinforced Iron Plate,16,Iron Rod,100,Screw,,,,,,,,,,,,,,
Rebar Gun,Spiked Rebar,No,No,No,0,Spiked Rebar,Constructor,Yes,Yes,[[Alien Organisms]] - Spiked Rebars,,4,1,1,15,,,0,,,0,,,0,1,Iron Rod,,,,,,,,,,,,,,,,,,
Rebar Scatter Gun,Rebar Scatter Gun,No,Yes,No,0,Rebar Scatter Gun,,No,Yes,,,,,1,0,,,0,,,0,,,0,2,Rebar Gun,15,Encased Industrial Beam,200,Screw,20,Steel Pipe,,,,,,,,,,,,
Refinery,Refinery,,,No,1,Refinery,Build Gun,,,[[Tier 5]] - Oil Processing,,,,,0,,,60,,,60,,,60,10,Motor,10,Encased Industrial Beam,30,Steel Pipe,20,Copper Sheet,,,,,,,,,,,,
Reinforced Iron Plate,Reinforced Iron Plate,No,No,No,0,Reinforced Iron Plate,Assembler,Yes,No,[[Tier 0]] - HUB Upgrade 3,,12,6,1,5,,,0,,,0,,,0,6,Iron Plate,12,Screw,,,,,,,,,,,,,,,,
Reinforced Iron Plate,Reinforced Iron Plate,No,No,Yes,0,Adhered Iron Plate,Assembler,No,No,[[Tier 5]] - Oil Processing,,16,,1,3.8,,,0,,,0,,,0,3,Iron Plate,1,Rubber,,,,,,,,,,,,,,,,
Reinforced Iron Plate,Reinforced Iron Plate,No,No,Yes,0,Bolted Iron Plate,Assembler,No,No,[[Tier 2]],,12,,3,15,,,0,,,0,,,0,18,Iron Plate,50,Screw,,,,,,,,,,,,,,,,
Reinforced Iron Plate,Reinforced Iron Plate,No,No,Yes,0,Stitched Iron Plate,Assembler,No,No,[[Tier 2]],,32,,3,5.6,,,0,,,0,,,0,10,Iron Plate,20,Wire,,,,,,,,,,,,,,,,
Remote Storage,Remote Storage,,Yes,No,1,,,,,,,,,,0,,,60,,,60,,,60,2,S.A.M. Fluctuator,50,Concrete,15,Modular Frame,50,Cable,,,,,,,,,,,,
Rifle,Rifle,No,No,No,0,Rifle,,No,Yes,[[Sulfur Research]] - The Rifle,,,30,1,0,,,0,,,0,,,0,25,Steel Pipe,3,Heavy Modular Frame,20,Circuit Board,250,Screw,,,,,,,,,,,,
Rifle,Rifle Cartridge,No,No,No,0,Rifle Cartridge,Manufacturer,Yes,Yes,[[Sulfur Research]] - Rifle Cartridges,,20,5,5,15,,,0,,,0,,,0,1,Beacon,10,Steel Pipe,10,Black Powder,10,Rubber,,,,,,,,,,,,
Rifle Mk.2,Rifle Mk.2,No,Yes,No,0,Rifle Mk.2,,No,Yes,,,,,1,0,,,0,,,0,,,0,10,Heavy Modular Frame,5,Computer,100,Rubber,2,Rifle,,,,,,,,,,,,
Rotor,Rotor,No,No,No,0,Rotor,Assembler,Yes,No,[[Tier 2]] - Part Assembly,,15,6,1,4,,,0,,,0,,,0,5,Iron Rod,25,Screw,,,,,,,,,,,,,,,,
Rotor,Rotor,No,No,Yes,0,Copper Rotor,Assembler,No,No,[[Tier 2]] - Part Assembly,,16,,3,11.3,,,0,,,0,,,0,6,Copper Sheet,52,Screw,,,,,,,,,,,,,,,,
Rotor,Rotor,No,No,Yes,0,Steel Rotor,Assembler,No,No,[[Tier 3]] - Basic Steel Production,,12,,1,5,,,0,,,0,,,0,2,Steel Pipe,6,Wire,,,,,,,,,,,,,,,,
Rubber,Rubber,No,No,No,0,Rubber,Refinery,No,No,[[Tier 5]] - Oil Processing,,6,,2,20,Heavy Oil Residue,2,20,,,0,,,0,3,Crude Oil,,,,,,,,,,,,,,,,,,
Rubber,Rubber,No,No,No,0,Residual Rubber,Refinery,No,No,[[Tier 5]] - Oil Processing,,6,,2,20,,,0,,,0,,,0,4,Polymer Resin,4,Water,,,,,,,,,,,,,,,,
Rubber,Rubber,No,No,Yes,0,Recycled Rubber,Refinery,No,No,[[Tier 5]] - Oil Processing,,12,,12,60,,,0,,,0,,,0,6,Plastic,6,Fuel,,,,,,,,,,,,,,,,
S.A.M. Fluctuator,S.A.M. Fluctuator,No,Yes,No,0,S.A.M. Fluctuator,Assembler,Yes,No,,,12,1,1,5,,,0,,,0,,,0,15,Cable,5,S.A.M. Ingot,,,,,,,,,,,,,,,,
S.A.M. Ingot,S.A.M. Ingot,No,Yes,No,0,S.A.M. Ingot,Smelter,Yes,No,,,2,6,1,30,,,0,,,0,,,0,6,S.A.M. Ore,,,,,,,,,,,,,,,,,,
S.A.M. Ore,S.A.M. Ore,No,Yes,No,0,S.A.M. Ore,Miner,No,No,N/A,,1,,1,60,,,0,,,0,,,0,,,,,,,,,,,,,,,,,,,,
Screw,Screw,No,No,No,0,Screw,Constructor,Yes,No,[[Tier 0]] - HUB Upgrade 3,,6,3,4,40,,,0,,,0,,,0,1,Iron Rod,,,,,,,,,,,,,,,,,,
Screw,Screw,No,No,Yes,0,Casted Screw,Constructor,No,No,[[Tier 1]],,24,,20,50,,,0,,,0,,,0,5,Iron Ingot,,,,,,,,,,,,,,,,,,
Screw,Screw,No,No,Yes,0,Steel Screw,Constructor,No,No,[[Tier 3]] - Basic Steel Production,,12,,52,260,,,0,,,0,,,0,1,Steel Beam,,,,,,,,,,,,,,,,,,
Silica,Silica,No,No,No,0,Silica,Constructor,Yes,No,[[Quartz Research]] - Silica,,8,8,5,37.5,,,0,,,0,,,0,3,Raw Quartz,,,,,,,,,,,,,,,,,,
Silica,Silica,No,No,Yes,0,Cheap Silica,Assembler,No,No,"[[Quartz Research]] - Silica
''[[Tier 2]] - Part Assembly''",,16,,7,26.3,,,0,,,0,,,0,3,Raw Quartz,5,Limestone,,,,,,,,,,,,,,,,
Smart Plating,Smart Plating,No,No,No,0,Smart Plating,Assembler,No,No,[[Tier 2]] - Part Assembly,,30,,1,2,,,0,,,0,,,0,1,Reinforced Iron Plate,1,Rotor,,,,,,,,,,,,,,,,
Smart Plating,Smart Plating,No,No,Yes,0,Plastic Smart Plating,Manufacturer,No,No,[[Tier 5]] - Oil Processing,,24,,2,5,,,0,,,0,,,0,1,Reinforced Iron Plate,1,Rotor,3,Plastic,,,,,,,,,,,,,,
Smart Splitter,Smart Splitter,,,No,1,Smart Splitter,Build Gun,,,[[Caterium Research]] - Smart Splitter,,,,,0,,,60,,,60,,,60,2,Reinforced Iron Plate,2,Rotor,1,A.I. Limiter,,,,,,,,,,,,,,
Smelter,Smelter,,,No,1,Smelter,Build Gun,,,[[Tier 0]] - HUB Upgrade 2,,,,,0,,,60,,,60,,,60,5,Iron Rod,8,Wire,,,,,,,,,,,,,,,,
Smelter Mk.2,Smelter Mk.2,,Yes,No,1,,,,,,,,,,0,,,60,,,60,,,60,4,Heavy Modular Frame,12,Concrete,1,Supercomputer,2,Radio Control Unit,,,,,,,,,,,,
Solid Biofuel,Solid Biofuel,No,No,No,0,Solid Biofuel,Constructor,Yes,No,[[Tier 2]] - Obstacle Clearing,,4,10,4,60,,,0,,,0,,,0,8,Biomass,,,,,,,,,,,,,,,,,,
Space Elevator,Space Elevator,,,No,1,Space Elevator,Build Gun,,,[[Tier 0]] - HUB Upgrade 6,,,,,0,,,60,,,60,,,60,500,Concrete,250,Iron Plate,400,Iron Rod,"1,500",Wire,,,,,,,,,,,,
Space Elevator/nl,Space Elevator/nl,,,No,1,PAGENAME,,,,,,,,,0,,,60,,,60,,,60,500,Concrete,250,Iron Plate,400,Iron Rod,"1,500",Wire,,,,,,,,,,,,
Space Elevator/zh,Space Elevator/zh,,,No,1,PAGENAME,,,,,,,,,0,,,60,,,60,,,60,500,Concrete,250,Iron Plate,400,Iron Rod,"1,500",Wire,,,,,,,,,,,,
Stackable Conveyor Pole,Stackable Conveyor Pole,,,No,1,Stackable Conveyor Pole,Build Gun,,,[[Tier 2]] - Logistics Mk.2,,,,,0,,,60,,,60,,,60,2,Iron Rod,2,Iron Plate,2,Concrete,,,,,,,,,,,,,,
Stackable Hyper Tube Support,Stackable Hyper Tube Support,,,No,1,Stackable Hyper Tube Support,Build Gun,,,[[Tier 4]] - Hyper Tubes,,,,,0,,,60,,,60,,,60,4,Iron Plate,2,Iron Rod,2,Concrete,,,,,,,,,,,,,,
Stackable Pipeline Support,Stackable Pipeline Support,,,No,1,Stackable Pipeline Support,Build Gun,,,[[Tier 4]] - Logistics Mk.3,,,,,0,,,60,,,60,,,60,4,Iron Plate,2,Iron Rod,2,Concrete,,,,,,,,,,,,,,
Stator,Stator,No,No,No,0,Stator,Assembler,Yes,No,[[Tier 4]] - Advanced Steel Production,,12,9,1,5,,,0,,,0,,,0,3,Steel Pipe,8,Wire,,,,,,,,,,,,,,,,
Stator,Stator,No,No,Yes,0,Quickwire Stator,Assembler,No,No,"[[Tier 4]] - Advanced Steel Production
[[Caterium Research]] - Caterium Ingots",,15,,2,8,,,0,,,0,,,0,4,Steel Pipe,15,Quickwire,,,,,,,,,,,,,,,,
Steel Beam,Steel Beam,No,No,No,0,Steel Beam,Constructor,Yes,No,[[Tier 3]] - Basic Steel Production,,4,2,1,15,,,0,,,0,,,0,4,Steel Ingot,,,,,,,,,,,,,,,,,,
Steel Ingot,Steel Ingot,No,No,No,0,Steel Ingot,Foundry,Yes,No,[[Tier 3]] - Basic Steel Production,,4,6,3,45,,,0,,,0,,,0,3,Iron Ore,3,Coal,,,,,,,,,,,,,,,,
Steel Ingot,Steel Ingot,No,No,Yes,0,Coke Steel Ingot,Foundry,No,No,[[Tier 5]] - Oil Processing,,12,,20,100,,,0,,,0,,,0,15,Iron Ore,15,Petroleum Coke,,,,,,,,,,,,,,,,
Steel Ingot,Steel Ingot,No,No,Yes,0,Compacted Steel Ingot,Foundry,No,No,"[[Tier 3]] - Basic Steel Production
[[Alternate Recipe]] - Compacted Coal",,16,,10,37.5,,,0,,,0,,,0,6,Iron Ore,3,Compacted Coal,,,,,,,,,,,,,,,,
Steel Ingot,Steel Ingot,No,No,Yes,0,Solid Steel Ingot,Foundry,No,No,[[Tier 3]] - Basic Steel Production,,3,,3,60,,,0,,,0,,,0,2,Iron Ingot,2,Coal,,,,,,,,,,,,,,,,
Steel Pipe,Steel Pipe,No,No,No,0,Steel Pipe,Constructor,Yes,No,[[Tier 3]] - Basic Steel Production,,6,3,2,20,,,0,,,0,,,0,3,Steel Ingot,,,,,,,,,,,,,,,,,,
Storage Container,Industrial Storage Container,,,No,1,Industrial Storage Container,Build Gun,,,[[Tier 4]] - Logistics Mk.3,,,,,0,,,60,,,60,,,60,20,Steel Beam,20,Steel Pipe,,,,,,,,,,,,,,,,
Storage Container,Storage Container,,,No,1,Storage Container,Build Gun,,,[[Tier 0]] - HUB Upgrade 5,,,,,0,,,60,,,60,,,60,10,Iron Plate,10,Iron Rod,,,,,,,,,,,,,,,,
Sulfur,Sulfur,No,No,No,0,Sulfur,Miner,No,No,[[Sulfur Research]] - Sulfur,,1,,1,60,,,0,,,0,,,0,,,,,,,,,,,,,,,,,,,,
Sulfuric Acid,Sulfuric Acid,No,No,No,0,Sulfuric Acid,Refinery,No,No,[[Tier 7]] - Nuclear Power,,6,,10,100,,,0,,,0,,,0,5,Sulfur,5,Water,,,,,,,,,,,,,,,,
Supercomputer,Supercomputer,No,No,No,0,Supercomputer,Manufacturer,Yes,No,[[Caterium Research]] - Supercomputer,,32,24,1,1.9,,,0,,,0,,,0,2,Computer,2,A.I. Limiter,3,High-Speed Connector,28,Plastic,,,,,,,,,,,,
Superposition Oscillator,Superposition Oscillator,No,Yes,No,0,Superposition Oscillator,Quantum Encoder,No,No,,,32,0,1,1.9,,,0,,,0,,,0,3,Quantum Crystal,6,A.I. Limiter,,,,,,,,,,,,,,,,
The HUB,The HUB,,,No,1,The HUB,Build Gun,,,The beginning,,,,,0,,,60,,,60,,,60,1,HUB Parts,,,,,,,,,,,,,,,,,,
The HUB/zh,,,,,,,,,,,,,,1,,,,,,,,,,,1,,,,,,,,,,,,,,,,,,,
Tilted Jump Pad,Tilted Jump Pad,,,No,1,Tilted Jump Pad,Build Gun,,,[[Tier 2]] - Jump Pads,,,,,0,,,60,,,60,,,60,2,Rotor,15,Iron Plate,10,Cable,,,,,,,,,,,,,,
Tractor,Tractor,,,No,1,Tractor,Build Gun,,,[[Tier 3]] - Vehicular Transport,,,,,0,,,60,,,60,,,60,5,Modular Frame,5,Beacon,10,Rotor,,,,,,,,,,,,,,
Train Station,Train Station,,,No,1,Train Station,Build Gun,,,[[Tier 6]] - Monorail Train Technology,,,,,0,,,60,,,60,,,60,4,Heavy Modular Frame,8,Computer,50,Concrete,25,Cable,,,,,,,,,,,,
Truck,Truck,,,No,1,Truck,Build Gun,,,[[Tier 5]] - Industrial Manufacturing,,,,,0,,,60,,,60,,,60,8,Motor,10,Computer,4,Heavy Modular Frame,50,Rubber,10,Beacon,,,,,,,,,,
Truck Station,Truck Station,,,No,1,Truck Station,Build Gun,,,[[Tier 3]] - Vehicular Transport,,,,,0,,,60,,,60,,,60,15,Modular Frame,20,Rotor,50,Cable,,,,,,,,,,,,,,
Turbo Motor,Turbo Motor,No,No,No,0,Turbo Motor,Manufacturer,Yes,No,[[Tier 7]] - Advanced Aluminum Production,,32,32,1,1.9,,,0,,,0,,,0,4,Heat Sink,2,Radio Control Unit,4,Motor,24,Rubber,,,,,,,,,,,,
Turbo Motor,Turbo Motor,No,No,Yes,0,Turbo Rigour Motor,Manufacturer,No,No,"[[Tier 7]] - Advanced Aluminum Production
[[Caterium Research]] - Caterium Electronics",,64,,3,2.8,,,0,,,0,,,0,7,Motor,5,Radio Control Unit,9,A.I. Limiter,7,Stator,,,,,,,,,,,,
Turbofuel,Turbofuel,No,No,No,0,Unpackage Turbo Fuel,Refinery,No,No,[[Tier 5]] - Alternative Fluid Transport,,6,,2,20,Empty Canister,2,20,,,0,,,0,2,Packaged Turbofuel,,,,,,,,,,,,,,,,,,
Turbofuel,Turbofuel,No,No,Yes,0,Turbofuel,Refinery,No,No,"[[Tier 5]] - Oil Processing
[[Alternate Recipe]] - Compacted Coal",,16,,5,18.8,,,0,,,0,,,0,6,Fuel,4,Compacted Coal,,,,,,,,,,,,,,,,
Turbofuel,Turbofuel,No,No,Yes,0,Turbo Heavy Fuel,Refinery,No,No,"[[Tier 5]] - Oil Processing
[[Alternate Recipe]] - Compacted Coal",,8,,4,30,,,0,,,0,,,0,5,Heavy Oil Residue,4,Compacted Coal,,,,,,,,,,,,,,,,
U-Jelly Landing Pad,U-Jelly Landing Pad,,,No,1,U-Jelly Landing Pad,Build Gun,,,[[Tier 2]] - Jump Pads,,,,,0,,,60,,,60,,,60,2,Rotor,20,Cable,200,Biomass,,,,,,,,,,,,,,
Uranium,Uranium,No,No,No,0,Uranium,Miner,No,No,[[Tier 7]] - Nuclear Power,,1,,1,60,,,0,,,0,,,0,,,,,,,,,,,,,,,,,,,,
Uranium Pellet,Uranium Pellet,No,No,No,0,Uranium Pellet,Refinery,No,No,[[Tier 7]] - Nuclear Power,,6,,5,50,Sulfuric Acid,2,20,,,0,,,0,5,Uranium,8,Sulfuric Acid,,,,,,,,,,,,,,,,
Versatile Framework,Versatile Framework,No,No,No,0,Versatile Framework,Assembler,No,No,[[Tier 3]] - Basic Steel Production,,24,,2,5,,,0,,,0,,,0,1,Modular Frame,12,Steel Beam,,,,,,,,,,,,,,,,
Versatile Framework,Versatile Framework,No,No,Yes,0,Flexible Framework,Manufacturer,No,No,"[[Tier 5]] - Oil Processing
''[[Tier 5]] - Industrial Manufacturing''",,16,,2,7.5,,,0,,,0,,,0,1,Modular Frame,6,Steel Beam,8,Rubber,,,,,,,,,,,,,,
Walkway,Walkway Crossing,,,No,1,Walkway Crossing,Build Gun,,,[[AWESOME Shop]] - Walkways,,,,,0,,,60,,,60,,,60,2,Iron Rod,1,Iron Plate,,,,,,,,,,,,,,,,
Walkway,Walkway Ramp,,,No,1,Walkway Ramp,Build Gun,,,[[AWESOME Shop]] - Walkways,,,,,0,,,60,,,60,,,60,2,Iron Rod,1,Iron Plate,,,,,,,,,,,,,,,,
Walkway,Walkway Straight,,,No,1,Walkway Straight,Build Gun,,,[[AWESOME Shop]] - Walkways,,,,,0,,,60,,,60,,,60,2,Iron Rod,1,Iron Plate,,,,,,,,,,,,,,,,
Walkway,Walkway T-Crossing,,,No,1,Walkway T-Crossing,Build Gun,,,[[AWESOME Shop]] - Walkways,,,,,0,,,60,,,60,,,60,2,Iron Rod,1,Iron Plate,,,,,,,,,,,,,,,,
Walkway,Walkway Turn,,,No,1,Walkway Turn,Build Gun,,,[[AWESOME Shop]] - Walkways,,,,,0,,,60,,,60,,,60,2,Iron Rod,1,Iron Plate,,,,,,,,,,,,,,,,
Walls,Center Door Wall (Plating),,,No,1,Center Door Wall (Plating),Build Gun,,,[[AWESOME Shop]] - Door Walls,,,,,0,,,60,,,60,,,60,3,Iron Plate,3,Concrete,,,,,,,,,,,,,,,,
Walls,Center Door Wall (Sheet Metal),,,No,1,Center Door Wall (Sheet Metal),Build Gun,,,[[AWESOME Shop]] - Metal Door Walls,,,,,0,,,60,,,60,,,60,3,Iron Plate,3,Concrete,,,,,,,,,,,,,,,,
Walls,Conveyor Wall Mount,,,No,1,Conveyor Wall Mount,Build Gun,,,[[AWESOME Shop]] - Conveyor Wall Mount,,,,,0,,,60,,,60,,,60,2,Iron Rod,2,Iron Plate,2,Concrete,,,,,,,,,,,,,,
Walls,Fence,,,No,1,Fence,Build Gun,,,[[AWESOME Shop]] - Factory Railing,,,,,0,,,60,,,60,,,60,5,Iron Rod,,,,,,,,,,,,,,,,,,
Walls,Frame Window,,,No,1,Frame Window,Build Gun,,,[[AWESOME Shop]] - Windowed Walls,,,,,0,,,60,,,60,,,60,3,Iron Plate,3,Concrete,,,,,,,,,,,,,,,,
Walls,Gate Wall,,,No,1,Gate Wall,Build Gun,,,[[AWESOME Shop]] - Door Walls,,,,,0,,,60,,,60,,,60,3,Iron Plate,3,Concrete,,,,,,,,,,,,,,,,
Walls,Gate Wall,,,No,1,Gate Wall,Build Gun,,,[[AWESOME Shop]] - Metal Door Walls,,,,,0,,,60,,,60,,,60,3,Iron Plate,3,Concrete,,,,,,,,,,,,,,,,
Walls,Hyper Tube Wall Hole,,,No,1,Hyper Tube Wall Hole,Build Gun,,,[[AWESOME Shop]] - Hyper Tube Wall Attachments,,,,,0,,,60,,,60,,,60,2,Iron Plate,2,Concrete,,,,,,,,,,,,,,,,
Walls,Hyper Tube Wall Support,,,No,1,Hyper Tube Wall Support,Build Gun,,,The beginning,,,,,0,,,60,,,60,,,60,2,Iron Plate,2,Concrete,,,,,,,,,,,,,,,,
Walls,Left Door Wall (Plating),,,No,1,Left Door Wall (Plating),Build Gun,,,[[AWESOME Shop]] - Door Walls,,,,,0,,,60,,,60,,,60,3,Iron Plate,3,Concrete,,,,,,,,,,,,,,,,
Walls,Left Door Wall (Sheet Metal),,,No,1,Left Door Wall (Sheet Metal),Build Gun,,,[[AWESOME Shop]] - Metal Door Walls,,,,,0,,,60,,,60,,,60,3,Iron Plate,3,Concrete,,,,,,,,,,,,,,,,
Walls,Panel Window,,,No,1,Panel Window,Build Gun,,,[[AWESOME Shop]] - Windowed Walls,,,,,0,,,60,,,60,,,60,3,Iron Plate,3,Concrete,,,,,,,,,,,,,,,,
Walls,Pipeline Wall Hole,,,No,1,Pipeline Wall Hole,Build Gun,,,[[AWESOME Shop]] - Pipeline Wall Attachments,,,,,0,,,60,,,60,,,60,2,Iron Rod,1,Iron Plate,2,Concrete,,,,,,,,,,,,,,
Walls,Pipeline Wall Support,,,No,1,Pipeline Wall Support,Build Gun,,,[[AWESOME Shop]] - Pipeline Wall Attachments,,,,,0,,,60,,,60,,,60,2,Iron Rod,1,Iron Plate,2,Concrete,,,,,,,,,,,,,,
Walls,Reinforced Window,,,No,1,Reinforced Window,Build Gun,,,[[AWESOME Shop]] - Windowed Walls,,,,,0,,,60,,,60,,,60,3,Iron Plate,3,Concrete,,,,,,,,,,,,,,,,
Walls,Right Door Wall (Plating),,,No,1,Right Door Wall (Plating),Build Gun,,,[[AWESOME Shop]] - Door Walls,,,,,0,,,60,,,60,,,60,3,Iron Plate,3,Concrete,,,,,,,,,,,,,,,,
Walls,Right Door Wall (Sheet Metal),,,No,1,Right Door Wall (Sheet Metal),Build Gun,,,[[AWESOME Shop]] - Metal Door Walls,,,,,0,,,60,,,60,,,60,3,Iron Plate,3,Concrete,,,,,,,,,,,,,,,,
Walls,Single Window,,,No,1,Single Window,Build Gun,,,[[AWESOME Shop]] - Windowed Walls,,,,,0,,,60,,,60,,,60,3,Iron Plate,3,Concrete,,,,,,,,,,,,,,,,
Walls,Wall (Plating),,,No,1,Wall (Plating),Build Gun,,,[[Tier 1]] - Base Building,,,,,0,,,60,,,60,,,60,4,Iron Plate,3,Concrete,,,,,,,,,,,,,,,,
Walls,Wall (Sheet Metal),,,No,1,Wall (Sheet Metal),Build Gun,,,[[Tier 1]] - Base Building,,,,,0,,,60,,,60,,,60,4,Iron Plate,3,Concrete,,,,,,,,,,,,,,,,
Walls,Wall Conveyor Perpendicular (Plating),,Yes,No,1,Wall Conveyor Perpendicular (Plating),Build Gun,,,N/A,,,,,0,,,60,,,60,,,60,3,Iron Plate,3,Concrete,,,,,,,,,,,,,,,,
Walls,Wall Conveyor Perpendicular (Sheet Metal),,Yes,No,1,Wall Conveyor Perpendicular (Sheet Metal),Build Gun,,,N/A,,,,,0,,,60,,,60,,,60,3,Iron Plate,3,Concrete,,,,,,,,,,,,,,,,
Walls,Wall Conveyor x1 (Plating),,,No,1,Wall Conveyor x1 (Plating),Build Gun,,,[[AWESOME Shop]] - Conveyor Walls,,,,,0,,,60,,,60,,,60,3,Iron Plate,3,Concrete,,,,,,,,,,,,,,,,
Walls,Wall Conveyor x1 (Sheet Metal),,,No,1,Wall Conveyor x1 (Sheet Metal),Build Gun,,,[[AWESOME Shop]] - Metal Conveyor Walls,,,,,0,,,60,,,60,,,60,3,Iron Plate,3,Concrete,,,,,,,,,,,,,,,,
Walls,Wall Conveyor x2 (Plating),,,No,1,Wall Conveyor x2 (Plating),Build Gun,,,[[AWESOME Shop]] - Conveyor Walls,,,,,0,,,60,,,60,,,60,3,Iron Plate,3,Concrete,,,,,,,,,,,,,,,,
Walls,Wall Conveyor x2 (Sheet Metal),,,No,1,Wall Conveyor x2 (Sheet Metal),Build Gun,,,[[AWESOME Shop]] - Metal Conveyor Walls,,,,,0,,,60,,,60,,,60,3,Iron Plate,3,Concrete,,,,,,,,,,,,,,,,
Walls,Wall Conveyor x3 (Plating),,,No,1,Wall Conveyor x3 (Plating),Build Gun,,,[[AWESOME Shop]] - Conveyor Walls,,,,,0,,,60,,,60,,,60,3,Iron Plate,3,Concrete,,,,,,,,,,,,,,,,
Walls,Wall Conveyor x3 (Sheet Metal),,,No,1,Wall Conveyor x3 (Sheet Metal),Build Gun,,,[[AWESOME Shop]] - Metal Conveyor Walls,,,,,0,,,60,,,60,,,60,3,Iron Plate,3,Concrete,,,,,,,,,,,,,,,,
Water,Water,No,No,No,0,Water,Water Extractor,No,No,[[Tier 3]] - Coal Power,,1,,2,120,,,0,,,0,,,0,,,,,,,,,,,,,,,,,,,,
Water,Water,No,No,No,0,Unpackage Water,Refinery,No,No,[[Tier 5]] - Alternative Fluid Transport,,1,,2,120,Empty Canister,2,120,,,0,,,0,2,Packaged Water,,,,,,,,,,,,,,,,,,
Water Extractor,Water Extractor,,,No,1,Water Extractor,Build Gun,,,[[Tier 3]] - Coal Power,,,,,0,,,60,,,60,,,60,20,Copper Sheet,10,Reinforced Iron Plate,10,Rotor,,,,,,,,,,,,,,
Wire,Wire,No,No,No,0,Wire,Constructor,Yes,No,[[Tier 0]] - HUB Upgrade 2,,4,2,2,30,,,0,,,0,,,0,1,Copper Ingot,,,,,,,,,,,,,,,,,,
Wire,Wire,No,No,Yes,0,Fused Wire,Assembler,No,No,"[[Caterium Research]] - Caterium
''[[Tier 2]] - Part Assembly''",,20,,30,90,,,0,,,0,,,0,4,Copper Ingot,1,Caterium Ingot,,,,,,,,,,,,,,,,
Wire,Wire,No,No,Yes,0,Iron Wire,Constructor,No,No,[[Tier 1]],,24,,9,22.5,,,0,,,0,,,0,5,Iron Ingot,,,,,,,,,,,,,,,,,,
Wire,Wire,No,No,Yes,0,Caterium Wire,Constructor,No,No,[[Caterium Research]] - Caterium,,4,,8,120,,,0,,,0,,,0,1,Caterium Ingot,,,,,,,,,,,,,,,,,,
Xeno-Basher,Xeno-Basher,No,No,No,0,Xeno-Basher,,No,Yes,[[Tier 4]] - Improved Melee Combat,,,20,1,0,,,0,,,0,,,0,5,Modular Frame,2,Xeno-Zapper,25,Cable,500,Wire,,,,,,,,,,,,
Xeno-Zapper,Xeno-Zapper,No,No,No,0,Xeno-Zapper,,No,Yes,The beginning,,,10,1,0,,,0,,,0,,,0,10,Iron Rod,2,Reinforced Iron Plate,15,Cable,50,Wire,,,,,,,,,,,,
 ,,,,,,,,,,,,2,,1,,,,,,,,,,,1, ,,,,,,,,,,,,,,,,,,